App,Category,Rating,Reviews,Size,Installs,Type,Last Updated
ROBLOX,GAME,4.5,4447388,67M,"100,000,000+",Free,31-Jul-18
Subway Surfers,GAME,4.5,27722264,76M,"1,000,000,000+",Free,12-Jul-18
Candy Crush Saga,GAME,4.4,22426677,74M,"500,000,000+",Free,5-Jul-18
Solitaire,GAME,4.7,254258,23M,"10,000,000+",Free,1-Aug-18
Bubble Shooter,GAME,4.5,148897,46M,"10,000,000+",Free,17-Jul-18
Hello Kitty Nail Salon,GAME,4.2,369203,24M,"50,000,000+",Free,17-Apr-18
slither.io,GAME,4.4,5234162,Varies with device,"100,000,000+",Free,14-Nov-17
Clash Royale,GAME,4.6,23133508,97M,"100,000,000+",Free,27-Jun-18
Temple Run 2,GAME,4.3,8118609,62M,"500,000,000+",Free,5-Jul-18
Pou,GAME,4.3,10485308,24M,"500,000,000+",Free,25-May-18
Helix Jump,GAME,4.2,1497361,33M,"100,000,000+",Free,9-Apr-18
Block Puzzle,GAME,4.6,59800,7.8M,"5,000,000+",Free,6-Mar-18
Angry Birds Rio,GAME,4.4,2610526,46M,"100,000,000+",Free,3-Jul-18
Plants vs. Zombies FREE,GAME,4.4,4066989,69M,"100,000,000+",Free,6-Jul-18
Sonic Dash,GAME,4.5,3778921,75M,"100,000,000+",Free,26-Jul-18
Candy Crush Soda Saga,GAME,4.4,6198563,67M,"100,000,000+",Free,10-Jul-18
Zombie Hunter King,GAME,4.3,10306,50M,"1,000,000+",Free,1-Aug-18
Clash of Clans,GAME,4.6,44891723,98M,"100,000,000+",Free,15-Jul-18
Kick the Buddy,GAME,4.3,1000417,Varies with device,"50,000,000+",Free,5-Jul-18
Block Puzzle Classic Legend !,GAME,4.2,17039,4.9M,"5,000,000+",Free,13-Apr-18
PAC-MAN,GAME,4.2,685981,37M,"100,000,000+",Free,15-May-18
Super Jim Jump - pixel 3d,GAME,4.5,10393,18M,"1,000,000+",Free,11-Jul-18
8 Ball Pool,GAME,4.5,14198297,52M,"100,000,000+",Free,31-Jul-18
Magic Tiles 3,GAME,4.5,592068,Varies with device,"50,000,000+",Free,3-Aug-18
Bubble Witch 3 Saga,GAME,4.7,1732263,78M,"50,000,000+",Free,17-Jul-18
Word Search,GAME,4.7,295241,3.9M,"10,000,000+",Free,6-Jun-18
Granny,GAME,4.5,1135631,59M,"50,000,000+",Free,29-May-18
Angry Birds Classic,GAME,4.4,5566669,97M,"100,000,000+",Free,24-May-18
Flow Free,GAME,4.3,1295557,11M,"100,000,000+",Free,11-Apr-18
Race the Traffic Moto,GAME,3.8,270687,38M,"10,000,000+",Free,20-Jul-18
Fishdom,GAME,4.6,2157930,Varies with device,"10,000,000+",Free,19-Jul-18
Galaxy Attack: Alien Shooter,GAME,4.6,506275,Varies with device,"10,000,000+",Free,1-Aug-18
Zombie Tsunami,GAME,4.4,4920817,Varies with device,"100,000,000+",Free,15-Jun-18
Bubble Shooter 2,GAME,4.3,23005,Varies with device,"5,000,000+",Free,25-Jul-18
Barbie‚Ñ¢ Fashion Closet,GAME,4.1,68057,85M,"10,000,000+",Free,30-Jul-18
Candy Crush Jelly Saga,GAME,4.3,1300490,78M,"50,000,000+",Free,20-Jul-18
Hill Climb Racing,GAME,4.4,8923587,63M,"100,000,000+",Free,2-Jul-18
Gardenscapes,GAME,4.6,4128732,Varies with device,"50,000,000+",Free,13-Jul-18
Marble - Temple Quest,GAME,4.3,42053,24M,"10,000,000+",Free,21-Jun-18
Shooting King,GAME,4.4,257724,69M,"10,000,000+",Free,25-May-18
Zombie Catchers,GAME,4.7,990491,75M,"10,000,000+",Free,24-May-18
Minion Rush: Despicable Me Official Game,GAME,4.5,10216538,Varies with device,"100,000,000+",Free,12-Jul-18
Farm Heroes Saga,GAME,4.4,7614130,70M,"100,000,000+",Free,26-Jul-18
Geometry Dash World,GAME,4.6,760628,63M,"10,000,000+",Free,22-Dec-17
My Talking Angela,GAME,4.5,9881829,99M,"100,000,000+",Free,3-Jul-18
Cut the Rope FULL FREE,GAME,4.4,2123381,49M,"100,000,000+",Free,5-Jul-18
Sniper 3D Gun Shooter: Free Shooting Games - FPS,GAME,4.6,7671249,Varies with device,"100,000,000+",Free,2-Aug-18
Subway Surfers,GAME,4.5,27723193,76M,"1,000,000,000+",Free,12-Jul-18
ROBLOX,GAME,4.5,4447346,67M,"100,000,000+",Free,31-Jul-18
Pou,GAME,4.3,10485334,24M,"500,000,000+",Free,25-May-18
8 Ball Pool,GAME,4.5,14198602,52M,"100,000,000+",Free,31-Jul-18
Clash of Clans,GAME,4.6,44891723,98M,"100,000,000+",Free,15-Jul-18
Candy Crush Saga,GAME,4.4,22428456,74M,"500,000,000+",Free,5-Jul-18
Plants vs. Zombies FREE,GAME,4.4,4066980,69M,"100,000,000+",Free,6-Jul-18
Cooking Fever,GAME,4.5,3197865,82M,"100,000,000+",Free,12-Jul-18
Toon Blast,GAME,4.7,1351068,Varies with device,"10,000,000+",Free,30-Jul-18
Score! Hero,GAME,4.6,5418675,96M,"100,000,000+",Free,13-Jun-18
My Talking Angela,GAME,4.5,9881908,99M,"100,000,000+",Free,3-Jul-18
Bubble Shooter,GAME,4.5,148895,46M,"10,000,000+",Free,17-Jul-18
Toy Blast,GAME,4.7,1889250,Varies with device,"50,000,000+",Free,23-Jul-18
Miraculous Ladybug & Cat Noir - The Official Game,GAME,4.5,183846,99M,"10,000,000+",Free,30-Jul-18
Wordscapes,GAME,4.8,230710,87M,"10,000,000+",Free,2-Aug-18
Word Search,GAME,4.7,295305,3.9M,"10,000,000+",Free,6-Jun-18
Candy Crush Soda Saga,GAME,4.4,6198880,67M,"100,000,000+",Free,10-Jul-18
Fishdom,GAME,4.6,2157930,Varies with device,"10,000,000+",Free,19-Jul-18
Garena Free Fire,GAME,4.5,5465624,53M,"100,000,000+",Free,3-Aug-18
Block Puzzle,GAME,4.6,59854,7.8M,"5,000,000+",Free,6-Mar-18
Bowmasters,GAME,4.7,1534466,Varies with device,"50,000,000+",Free,23-Jul-18
Clash Royale,GAME,4.6,23134775,97M,"100,000,000+",Free,27-Jun-18
My Talking Tom,GAME,4.5,14891223,Varies with device,"500,000,000+",Free,19-Jul-18
Sniper 3D Gun Shooter: Free Shooting Games - FPS,GAME,4.6,7672495,Varies with device,"100,000,000+",Free,2-Aug-18
Granny,GAME,4.5,1137271,59M,"50,000,000+",Free,29-May-18
Galaxy Attack: Alien Shooter,GAME,4.6,506275,Varies with device,"10,000,000+",Free,1-Aug-18
Angry Birds Rio,GAME,4.4,2610622,46M,"100,000,000+",Free,3-Jul-18
Zombie Catchers,GAME,4.7,990586,75M,"10,000,000+",Free,24-May-18
Zombie Hunter King,GAME,4.3,10354,50M,"1,000,000+",Free,1-Aug-18
Temple Run 2,GAME,4.3,8118937,62M,"500,000,000+",Free,5-Jul-18
Zombie Tsunami,GAME,4.4,4921122,Varies with device,"100,000,000+",Free,15-Jun-18
Jungle Marble Blast,GAME,4.3,18985,23M,"5,000,000+",Free,23-Jul-18
Rider,GAME,4.5,655067,72M,"10,000,000+",Free,17-Jul-17
Farm Heroes Saga,GAME,4.4,7614271,70M,"100,000,000+",Free,26-Jul-18
Super Jim Jump - pixel 3d,GAME,4.5,10434,18M,"1,000,000+",Free,11-Jul-18
slither.io,GAME,4.4,5234825,Varies with device,"100,000,000+",Free,14-Nov-17
Roll the Ball¬Æ - slide puzzle,GAME,4.5,1385093,35M,"100,000,000+",Free,2-Aug-18
Talking Tom Gold Run,GAME,4.6,2698348,78M,"100,000,000+",Free,31-Jul-18
Pixel Art: Color by Number Game,GAME,4.7,1125017,25M,"10,000,000+",Free,17-Jul-18
Dream League Soccer 2018,GAME,4.6,9882639,74M,"100,000,000+",Free,16-Jul-18
Angry Birds Classic,GAME,4.4,5566805,97M,"100,000,000+",Free,24-May-18
Fruits Bomb,GAME,4.4,74673,17M,"10,000,000+",Free,6-Jul-18
Traffic Racer,GAME,4.5,5387639,53M,"100,000,000+",Free,27-Feb-18
Hill Climb Racing 2,GAME,4.6,2750410,Varies with device,"100,000,000+",Free,2-Aug-18
Flow Free,GAME,4.3,1295606,11M,"100,000,000+",Free,11-Apr-18
Knife Hit,GAME,4.5,461137,60M,"10,000,000+",Free,22-May-18
Block Craft 3D: Building Simulator Games For Free,GAME,4.5,946926,57M,"50,000,000+",Free,5-Mar-18
Farm Fruit Pop: Party Time,GAME,4.4,9305,14M,"1,000,000+",Free,2-Aug-18
ROBLOX,GAME,4.5,4448791,67M,"100,000,000+",Free,31-Jul-18
Helix Jump,GAME,4.2,1498648,33M,"100,000,000+",Free,9-Apr-18
Subway Surfers,GAME,4.5,27724094,76M,"1,000,000,000+",Free,12-Jul-18
Candy Crush Saga,GAME,4.4,22428456,74M,"500,000,000+",Free,5-Jul-18
Toon Blast,GAME,4.7,1351089,Varies with device,"10,000,000+",Free,30-Jul-18
Love Balls,GAME,4.2,360630,40M,"50,000,000+",Free,31-Jul-18
Granny,GAME,4.5,1137267,59M,"50,000,000+",Free,29-May-18
8 Ball Pool,GAME,4.5,14200344,52M,"100,000,000+",Free,31-Jul-18
Sniper 3D Gun Shooter: Free Shooting Games - FPS,GAME,4.6,7672495,Varies with device,"100,000,000+",Free,2-Aug-18
slither.io,GAME,4.4,5234810,Varies with device,"100,000,000+",Free,14-Nov-17
Hungry Shark Evolution,GAME,4.5,6074334,100M,"100,000,000+",Free,25-Jul-18
Temple Run 2,GAME,4.3,8118937,62M,"500,000,000+",Free,5-Jul-18
Kick the Buddy,GAME,4.3,1000417,Varies with device,"50,000,000+",Free,5-Jul-18
Magic Tiles 3,GAME,4.5,592282,Varies with device,"50,000,000+",Free,3-Aug-18
Bowmasters,GAME,4.7,1535084,Varies with device,"50,000,000+",Free,23-Jul-18
Piano Tiles 2‚Ñ¢,GAME,4.7,8118880,Varies with device,"100,000,000+",Free,3-Aug-18
Pok√©mon GO,GAME,4.1,10424925,85M,"100,000,000+",Free,23-Jul-18
Wordscapes,GAME,4.8,230727,87M,"10,000,000+",Free,2-Aug-18
Paint Hit,GAME,4.4,37023,33M,"10,000,000+",Free,6-Jul-18
Snake VS Block,GAME,4.2,422244,32M,"50,000,000+",Free,23-Apr-18
Rolly Vortex,GAME,4.4,98123,40M,"10,000,000+",Free,25-May-18
Woody Puzzle,GAME,4.7,21262,29M,"1,000,000+",Free,3-Aug-18
Stack Jump,GAME,4.3,118253,40M,"10,000,000+",Free,3-May-18
Color by Number ‚Äì New Coloring Book,GAME,4.7,141529,24M,"5,000,000+",Free,1-Aug-18
The Cube,GAME,4.2,70226,38M,"5,000,000+",Free,25-Jul-18
Extreme Car Driving Simulator,GAME,4.3,2251012,52M,"100,000,000+",Free,3-May-18
Bricks n Balls,GAME,4.4,30253,Varies with device,"1,000,000+",Free,5-Aug-18
The Fish Master!,GAME,4.1,15763,54M,"1,000,000+",Free,17-Jul-18
Color Road,GAME,4.1,84911,71M,"10,000,000+",Free,19-Jul-18
Draw In,GAME,4.2,46416,73M,"10,000,000+",Free,23-Jul-18
Block Craft 3D: Building Simulator Games For Free,GAME,4.5,946926,57M,"50,000,000+",Free,5-Mar-18
PLANK!,GAME,4.7,7196,38M,"500,000+",Free,17-Jul-18
Looper!,GAME,4.6,48256,62M,"1,000,000+",Free,20-Jul-18
Trivia Crack,GAME,4.5,6427773,95M,"100,000,000+",Free,3-Aug-18
Will it Crush?,GAME,3.1,25825,16M,"5,000,000+",Free,22-May-18
Tomb of the Mask,GAME,4.1,55380,39M,"5,000,000+",Free,24-Jul-18
Baseball Boy!,GAME,3.4,148177,78M,"10,000,000+",Free,27-Jul-18
PUBG MOBILE,GAME,4.4,3715656,36M,"50,000,000+",Free,24-Jul-18
Episode - Choose Your Story,GAME,4.3,1841061,Varies with device,"50,000,000+",Free,31-Jul-18
Hello Stars,GAME,4.6,101686,31M,"10,000,000+",Free,4-Aug-18
Run Sausage Run!,GAME,4.4,275447,Varies with device,"10,000,000+",Free,1-Aug-18
Tank Stars,GAME,4.3,174755,98M,"10,000,000+",Free,11-Jul-18
Castle Clash: Heroes of the Empire US,GAME,4.6,4578476,24M,"50,000,000+",Free,17-Jul-18
Hole.io,GAME,4.2,145353,85M,"10,000,000+",Free,24-Jul-18
Helix Jump,GAME,4.2,1499373,33M,"100,000,000+",Free,9-Apr-18
Mini Golf King - Multiplayer Game,GAME,4.5,531458,100M,"5,000,000+",Free,20-Jul-18
PUBG MOBILE,GAME,4.4,3714270,36M,"50,000,000+",Free,24-Jul-18
Flip the Gun - Simulator Game,GAME,4.2,195558,86M,"10,000,000+",Free,26-Jul-18
Mad Skills BMX 2,GAME,4.5,29940,80M,"1,000,000+",Free,26-Jul-18
Wordscapes,GAME,4.8,230727,87M,"10,000,000+",Free,2-Aug-18
"MMX Hill Dash 2 ‚Äì Offroad Truck, Car & Bike Racing",GAME,4.4,41975,79M,"1,000,000+",Free,19-Jul-18
Word Link,GAME,4.6,216675,30M,"10,000,000+",Free,1-Aug-18
Last Day on Earth: Survival,GAME,4.5,2311785,87M,"10,000,000+",Free,1-Aug-18
MARVEL Strike Force,GAME,4.3,165888,91M,"5,000,000+",Free,31-Jul-18
Partymasters - Fun Idle Game,GAME,4.6,541144,63M,"10,000,000+",Free,12-Jul-18
Harry Potter: Hogwarts Mystery,GAME,4.4,1107310,Varies with device,"10,000,000+",Free,1-Aug-18
Offroad Outlaws,GAME,4.4,29168,Varies with device,"1,000,000+",Free,29-May-18
Grim Soul: Dark Fantasy Survival,GAME,4.5,189773,95M,"5,000,000+",Free,18-Jul-18
DRAGON BALL LEGENDS,GAME,4.6,337752,48M,"5,000,000+",Free,3-Aug-18
Disney Heroes: Battle Mode,GAME,4.6,102107,Varies with device,"5,000,000+",Free,31-Jul-18
Homescapes,GAME,4.6,3093358,Varies with device,"10,000,000+",Free,13-Jul-18
New YAHTZEE¬Æ With Buddies Dice Game,GAME,4.1,42079,93M,"5,000,000+",Free,5-Jul-18
Word Crossy - A crossword game,GAME,4.5,240416,53M,"5,000,000+",Free,1-Aug-18
MLB TAP SPORTS BASEBALL 2018,GAME,4.6,32506,82M,"1,000,000+",Free,27-Jun-18
Hero Hunters,GAME,4.4,70747,99M,"5,000,000+",Free,31-Jul-18
Cooking Madness - A Chef's Restaurant Games,GAME,4.7,358817,49M,"10,000,000+",Free,30-Jul-18
Ice Crush 2018 - A new Puzzle Matching Adventure,GAME,4.6,15403,25M,"1,000,000+",Free,2-Aug-18
TerraGenesis - Space Colony,GAME,4.3,38957,Varies with device,"1,000,000+",Free,2-Aug-18
Merge Dragons!,GAME,4.5,214777,91M,"5,000,000+",Free,30-Jul-18
SHADOWGUN LEGENDS,GAME,4.6,100609,52M,"1,000,000+",Free,16-Jul-18
RULES OF SURVIVAL,GAME,4.2,1343866,56M,"10,000,000+",Free,1-Aug-18
Mafia City,GAME,4.5,168717,56M,"10,000,000+",Free,3-Aug-18
"Cash, Inc. Money Clicker Game & Business Adventure",GAME,4.8,549720,85M,"10,000,000+",Free,19-Jul-18
Dino War: Rise of Beasts,GAME,4.1,18996,81M,"1,000,000+",Free,1-Aug-18
Tokyo Ghoul: Dark War,GAME,4.3,25094,82M,"1,000,000+",Free,6-Jul-18
Last Shelter: Survival,GAME,4.4,93033,98M,"5,000,000+",Free,4-Aug-18
Guns of Glory,GAME,4,120592,77M,"10,000,000+",Free,31-Jul-18
Lineage 2: Revolution,GAME,4.2,187972,99M,"5,000,000+",Free,11-Jul-18
Final Fantasy XV: A New Empire,GAME,4,484981,Varies with device,"10,000,000+",Free,15-Jun-18
Girls' Frontline,GAME,4.2,2055,96M,"100,000+",Free,18-May-18
Chapters: Interactive Stories,GAME,4.5,73539,96M,"1,000,000+",Free,2-Aug-18
Honkai Impact 3rd,GAME,4.7,59017,82M,"1,000,000+",Free,3-Jul-18
Master of Eternity(MOE),GAME,4.2,5829,70M,"100,000+",Free,26-Jul-18
The Game of Life,GAME,4.4,18621,63M,"100,000+",Paid,4-Jul-18
Clue,GAME,4.6,19922,35M,"100,000+",Paid,30-Jul-18
The Room: Old Sins,GAME,4.9,21119,48M,"100,000+",Paid,18-Apr-18
The Escapists,GAME,4.4,7412,84M,"100,000+",Paid,26-Apr-18
Farming Simulator 18,GAME,4.5,18125,15M,"100,000+",Paid,9-Jul-18
RollerCoaster Tycoon¬Æ Classic,GAME,4.6,10795,69M,"100,000+",Paid,21-Dec-17
Call of Duty:Black Ops Zombies,GAME,4.2,13004,46M,"100,000+",Paid,20-Dec-16
Star Wars ‚Ñ¢: DIRTY,GAME,4.5,38207,15M,"100,000+",Paid,19-Oct-15
Monument Valley 2,GAME,4.6,9394,33M,"100,000+",Paid,30-Nov-17
DRAGON BALL LEGENDS,GAME,4.6,337913,48M,"5,000,000+",Free,3-Aug-18
ROBLOX,GAME,4.5,4449882,67M,"100,000,000+",Free,31-Jul-18
Candy Crush Saga,GAME,4.4,22429716,74M,"500,000,000+",Free,5-Jul-18
Angry Birds 2,GAME,4.6,3883589,57M,"100,000,000+",Free,26-Jul-18
8 Ball Pool,GAME,4.5,14200550,52M,"100,000,000+",Free,31-Jul-18
Fallout Shelter,GAME,4.6,2719142,25M,"10,000,000+",Free,11-Jun-18
Harry Potter: Hogwarts Mystery,GAME,4.4,1107197,Varies with device,"10,000,000+",Free,1-Aug-18
PUBG MOBILE,GAME,4.4,3716278,36M,"50,000,000+",Free,24-Jul-18
The Sims‚Ñ¢ FreePlay,GAME,4.3,931595,31M,"10,000,000+",Free,16-Jul-18
MARVEL Strike Force,GAME,4.3,165928,91M,"5,000,000+",Free,31-Jul-18
Best Fiends - Free Puzzle Game,GAME,4.6,1480189,Varies with device,"10,000,000+",Free,2-Aug-18
MARVEL Contest of Champions,GAME,4.3,2468063,92M,"50,000,000+",Free,30-Jul-18
Jurassic World‚Ñ¢ Alive,GAME,4.3,309176,70M,"5,000,000+",Free,2-Aug-18
Choices: Stories You Play,GAME,4.6,807338,93M,"10,000,000+",Free,30-Jul-18
Solitaire TriPeaks,GAME,4.5,446434,52M,"10,000,000+",Free,1-Aug-18
Merge Dragons!,GAME,4.5,214819,91M,"5,000,000+",Free,30-Jul-18
The Walking Dead: Road to Survival,GAME,4.2,522466,37M,"10,000,000+",Free,19-Jun-18
Hustle Castle: Fantasy Kingdom,GAME,4.7,584126,64M,"10,000,000+",Free,27-Jul-18
Might & Magic: Elemental Guardians,GAME,4.3,32551,35M,"500,000+",Free,12-Jul-18
Game of Thrones: Conquest‚Ñ¢,GAME,4,90218,97M,"1,000,000+",Free,3-Aug-18
Love Nikki-Dress UP Queen,GAME,4.4,212524,93M,"5,000,000+",Free,24-Jul-18
Summoners War,GAME,4.3,2045554,28M,"50,000,000+",Free,30-Jul-18
FINAL FANTASY BRAVE EXVIUS,GAME,4.6,745684,83M,"5,000,000+",Free,17-Jul-18
Idle Heroes,GAME,4.7,416540,99M,"10,000,000+",Free,30-May-18
Fate/Grand Order (English),GAME,4.4,16601,55M,"500,000+",Free,26-Jul-18
Honkai Impact 3rd,GAME,4.7,59017,82M,"1,000,000+",Free,3-Jul-18
Lords Mobile: Battle of the Empires - Strategy RPG,GAME,4.4,3057481,14M,"50,000,000+",Free,26-Jul-18
War and Order,GAME,4.3,224514,81M,"5,000,000+",Free,18-Jul-18
Dungeon Hunter Champions: Epic Online Action RPG,GAME,4.2,26247,Varies with device,"1,000,000+",Free,26-Jul-18
Candy Crush Saga,GAME,4.4,22430188,74M,"500,000,000+",Free,5-Jul-18
ROBLOX,GAME,4.5,4449910,67M,"100,000,000+",Free,31-Jul-18
8 Ball Pool,GAME,4.5,14201891,52M,"100,000,000+",Free,31-Jul-18
Subway Surfers,GAME,4.5,27725352,76M,"1,000,000,000+",Free,12-Jul-18
Candy Crush Soda Saga,GAME,4.4,6199095,67M,"100,000,000+",Free,10-Jul-18
Zombie Hunter King,GAME,4.3,10493,50M,"1,000,000+",Free,1-Aug-18
Bubble Shooter,GAME,4.5,148945,46M,"10,000,000+",Free,17-Jul-18
Toon Blast,GAME,4.7,1351771,Varies with device,"10,000,000+",Free,30-Jul-18
Toy Blast,GAME,4.7,1889582,Varies with device,"50,000,000+",Free,23-Jul-18
Clash Royale,GAME,4.6,23136735,97M,"100,000,000+",Free,27-Jun-18
Clash of Clans,GAME,4.6,44893888,98M,"100,000,000+",Free,15-Jul-18
Farm Heroes Saga,GAME,4.4,7614415,70M,"100,000,000+",Free,26-Jul-18
Plants vs. Zombies FREE,GAME,4.4,4067651,69M,"100,000,000+",Free,6-Jul-18
Word Search,GAME,4.7,295576,3.9M,"10,000,000+",Free,6-Jun-18
Block Puzzle,GAME,4.6,59907,7.8M,"5,000,000+",Free,6-Mar-18
Super Jim Jump - pixel 3d,GAME,4.5,10460,18M,"1,000,000+",Free,11-Jul-18
Pou,GAME,4.3,10486018,24M,"500,000,000+",Free,25-May-18
Temple Run 2,GAME,4.3,8119151,62M,"500,000,000+",Free,5-Jul-18
Flow Free,GAME,4.3,1295625,11M,"100,000,000+",Free,11-Apr-18
Homescapes,GAME,4.6,3093932,Varies with device,"10,000,000+",Free,13-Jul-18
Wordscapes,GAME,4.8,230849,87M,"10,000,000+",Free,2-Aug-18
My Talking Angela,GAME,4.5,9883367,99M,"100,000,000+",Free,3-Jul-18
slither.io,GAME,4.4,5235294,Varies with device,"100,000,000+",Free,14-Nov-17
Cooking Fever,GAME,4.5,3198176,82M,"100,000,000+",Free,12-Jul-18
Yes day,GAME,4.5,10055521,94M,"100,000,000+",Free,28-Jun-18
Gardenscapes,GAME,4.6,4129665,Varies with device,"50,000,000+",Free,13-Jul-18
Fishdom,GAME,4.6,2158580,Varies with device,"10,000,000+",Free,19-Jul-18
Galaxy Attack: Alien Shooter,GAME,4.6,506593,Varies with device,"10,000,000+",Free,1-Aug-18
Score! Hero,GAME,4.6,5419676,96M,"100,000,000+",Free,13-Jun-18
Zombie Catchers,GAME,4.7,990723,75M,"10,000,000+",Free,24-May-18
Magic Tiles 3,GAME,4.5,592504,Varies with device,"50,000,000+",Free,3-Aug-18
Jewels Star: OZ adventure,GAME,4.5,21892,14M,"1,000,000+",Free,29-Dec-17
Granny,GAME,4.5,1138239,59M,"50,000,000+",Free,29-May-18
Dream League Soccer 2018,GAME,4.6,9883806,74M,"100,000,000+",Free,16-Jul-18
Sweet Fruit Candy,GAME,4.5,197540,29M,"10,000,000+",Free,16-Jul-18
Fruits Bomb,GAME,4.4,74695,17M,"10,000,000+",Free,6-Jul-18
Angry Birds Classic,GAME,4.4,5566889,97M,"100,000,000+",Free,24-May-18
Talking Tom Gold Run,GAME,4.6,2698882,78M,"100,000,000+",Free,31-Jul-18
Bowmasters,GAME,4.7,1535973,Varies with device,"50,000,000+",Free,23-Jul-18
My Talking Tom,GAME,4.5,14892469,Varies with device,"500,000,000+",Free,19-Jul-18
Hill Climb Racing,GAME,4.4,8923818,63M,"100,000,000+",Free,2-Jul-18
Sniper 3D Gun Shooter: Free Shooting Games - FPS,GAME,4.6,7674252,Varies with device,"100,000,000+",Free,2-Aug-18
Pixel Art: Color by Number Game,GAME,4.7,1125438,25M,"10,000,000+",Free,17-Jul-18
Shoot Bubble - Fruit Splash,GAME,4.6,29445,29M,"5,000,000+",Free,11-May-18
Rider,GAME,4.5,655145,72M,"10,000,000+",Free,17-Jul-17
Zombie Tsunami,GAME,4.4,4921451,Varies with device,"100,000,000+",Free,15-Jun-18
Garena Free Fire,GAME,4.5,5476569,53M,"100,000,000+",Free,3-Aug-18
Doodle Jump,GAME,4.3,1083571,Varies with device,"50,000,000+",Free,20-Jul-18
Subway Surfers,GAME,4.5,27725352,76M,"1,000,000,000+",Free,12-Jul-18
Helix Jump,GAME,4.2,1500999,33M,"100,000,000+",Free,9-Apr-18
Crossy Road,GAME,4.5,4230886,60M,"100,000,000+",Free,1-Aug-18
Temple Run 2,GAME,4.3,8119154,62M,"500,000,000+",Free,5-Jul-18
slither.io,GAME,4.4,5235294,Varies with device,"100,000,000+",Free,14-Nov-17
Bowmasters,GAME,4.7,1535973,Varies with device,"50,000,000+",Free,23-Jul-18
Talking Tom Gold Run,GAME,4.6,2698889,78M,"100,000,000+",Free,31-Jul-18
Zombie Catchers,GAME,4.7,990663,75M,"10,000,000+",Free,24-May-18
Sniper 3D Gun Shooter: Free Shooting Games - FPS,GAME,4.6,7674252,Varies with device,"100,000,000+",Free,2-Aug-18
Swamp Attack,GAME,4.4,2119218,70M,"50,000,000+",Free,29-Jun-18
Earn to Die 2,GAME,4.6,1327265,99M,"50,000,000+",Free,12-Apr-17
Miraculous Ladybug & Cat Noir - The Official Game,GAME,4.5,184210,99M,"10,000,000+",Free,30-Jul-18
Kick the Buddy,GAME,4.3,1003269,Varies with device,"50,000,000+",Free,5-Jul-18
Hungry Shark World,GAME,4.5,1242855,27M,"50,000,000+",Free,18-Jul-18
Dude Perfect 2,GAME,4.5,401425,70M,"10,000,000+",Free,12-Apr-17
Shadow Fight 2,GAME,4.6,10979062,88M,"100,000,000+",Free,2-Jul-18
Alto's Adventure,GAME,4.6,515657,63M,"10,000,000+",Free,5-Jun-18
DEER HUNTER 2018,GAME,4.3,955656,82M,"10,000,000+",Free,26-Jun-18
DRAGON BALL LEGENDS,GAME,4.6,337913,48M,"5,000,000+",Free,3-Aug-18
DEAD TARGET: FPS Zombie Apocalypse Survival Games,GAME,4.5,1468591,Varies with device,"50,000,000+",Free,23-Jul-18
Cover Fire: offline shooting games for free,GAME,4.7,725897,31M,"10,000,000+",Free,3-Aug-18
Anger of stick 5 : zombie,GAME,4.5,549039,23M,"50,000,000+",Free,3-Aug-18
CATS: Crash Arena Turbo Stars,GAME,4.7,1559650,Varies with device,"50,000,000+",Free,9-Jul-18
Soul Knight,GAME,4.7,292164,59M,"10,000,000+",Free,1-Aug-18
Major Mayhem,GAME,4.6,520962,39M,"10,000,000+",Free,28-Jun-17
DINO HUNTER: DEADLY SHORES,GAME,4.4,1381820,54M,"10,000,000+",Free,14-Mar-17
Strawberry Shortcake BerryRush,GAME,4.3,525517,48M,"10,000,000+",Free,15-Oct-17
Extreme Match,GAME,4.5,696,Varies with device,"100,000+",Free,5-Jul-18
Power Rangers Dino Charge,GAME,4.3,194969,30M,"10,000,000+",Free,29-Jan-18
Zombie Hunter: Post Apocalypse Survival Games,GAME,4.4,327599,66M,"10,000,000+",Free,28-Jul-17
Agar.io,GAME,4.2,3816799,32M,"100,000,000+",Free,23-Jul-18
Zombie Hunter King,GAME,4.3,10538,50M,"1,000,000+",Free,1-Aug-18
Garena Free Fire,GAME,4.5,5476569,53M,"100,000,000+",Free,3-Aug-18
Battlelands Royale,GAME,4.4,105620,61M,"1,000,000+",Free,16-Jul-18
Once Upon a Tower,GAME,4.7,37139,49M,"1,000,000+",Free,24-Jan-18
TEKKEN‚Ñ¢,GAME,4.2,147791,38M,"5,000,000+",Free,26-Jul-18
diep.io,GAME,4.1,347883,20M,"10,000,000+",Free,16-Mar-18
Arrow.io,GAME,4.5,343263,Varies with device,"10,000,000+",Free,6-Aug-18
BEYBLADE BURST app,GAME,4.5,216849,Varies with device,"10,000,000+",Free,16-Jul-18
Dragon Hills,GAME,4.5,354373,66M,"10,000,000+",Free,12-Oct-17
Bus Rush: Subway Edition,GAME,4.1,753043,57M,"100,000,000+",Free,1-Aug-18
DC Super Hero Girls‚Ñ¢,GAME,4.3,43055,95M,"5,000,000+",Free,29-Jun-18
Tiny Archers,GAME,4.5,80678,Varies with device,"5,000,000+",Free,25-May-18
Metal Soldiers 2,GAME,4.4,153381,Varies with device,"10,000,000+",Free,18-Jun-18
Runner 3d like,GAME,4.5,559,32M,"100,000+",Free,3-Aug-18
War Robots,GAME,4.6,3073251,33M,"50,000,000+",Free,25-Jul-18
Dinosaur Simulator: Dino World,GAME,4,26649,66M,"5,000,000+",Free,5-Aug-18
GUNSHIP BATTLE: Helicopter 3D,GAME,4.3,2151039,75M,"50,000,000+",Free,1-Aug-18
Quiz: Logo game,GAME,4.5,306764,29M,"10,000,000+",Free,3-Aug-18
Candy Crush Saga,GAME,4.4,22430188,74M,"500,000,000+",Free,5-Jul-18
Plants vs. Zombies FREE,GAME,4.4,4067651,69M,"100,000,000+",Free,6-Jul-18
Block Puzzle,GAME,4.6,59907,7.8M,"5,000,000+",Free,6-Mar-18
Helix Jump,GAME,4.2,1500622,33M,"100,000,000+",Free,9-Apr-18
8 Ball Pool,GAME,4.5,14201604,52M,"100,000,000+",Free,31-Jul-18
Jewels Legend - Match 3 Puzzle,GAME,4.6,280098,50M,"10,000,000+",Free,20-Jul-18
Bubble Shooter,GAME,4.5,148990,46M,"10,000,000+",Free,17-Jul-18
Solitaire,GAME,4.7,154264,12M,"10,000,000+",Free,8-Jun-18
Bubble Shooter Genies,GAME,4.5,26985,41M,"5,000,000+",Free,4-Jun-18
Blossom Blast Saga,GAME,4.5,1125438,63M,"10,000,000+",Free,5-Jul-18
Traffic Racer,GAME,4.5,5387781,53M,"100,000,000+",Free,27-Feb-18
Hill Climb Racing,GAME,4.4,8923847,63M,"100,000,000+",Free,2-Jul-18
Earn to Die 2,GAME,4.6,1327269,99M,"50,000,000+",Free,12-Apr-17
Bubble Shooter 2,GAME,4.3,23043,Varies with device,"5,000,000+",Free,25-Jul-18
Candy Bomb,GAME,4.4,42145,20M,"10,000,000+",Free,4-Jul-18
Flow Free,GAME,4.3,1295625,11M,"100,000,000+",Free,11-Apr-18
Zombie Catchers,GAME,4.7,990796,75M,"10,000,000+",Free,24-May-18
Gems or jewels ?,GAME,4.7,171448,13M,"10,000,000+",Free,3-Aug-18
Angry Birds Rio,GAME,4.4,2610680,46M,"100,000,000+",Free,3-Jul-18
Candy Crush Jelly Saga,GAME,4.3,1300619,78M,"50,000,000+",Free,20-Jul-18
Cut the Rope FULL FREE,GAME,4.4,2123793,49M,"100,000,000+",Free,5-Jul-18
Jewels Star: OZ adventure,GAME,4.5,21892,14M,"1,000,000+",Free,29-Dec-17
Hungry Shark Evolution,GAME,4.5,6074627,100M,"100,000,000+",Free,25-Jul-18
Power Pop Bubbles,GAME,4.4,104303,Varies with device,"10,000,000+",Free,2-Aug-18
Angry Birds Classic,GAME,4.4,5566908,97M,"100,000,000+",Free,24-May-18
Best Fiends - Free Puzzle Game,GAME,4.6,1480182,Varies with device,"10,000,000+",Free,2-Aug-18
Hill Climb Racing 2,GAME,4.6,2750645,Varies with device,"100,000,000+",Free,2-Aug-18
Jewels classic Prince,GAME,4.4,47644,15M,"5,000,000+",Free,15-Jun-18
Fruit Block - Puzzle Legend,GAME,4.6,125647,33M,"10,000,000+",Free,23-Jul-18
Bubble Shooter Space,GAME,4.2,4355,Varies with device,"1,000,000+",Free,17-Jul-17
Swamp Attack,GAME,4.4,2119235,70M,"50,000,000+",Free,29-Jun-18
1LINE ‚Äì One Line with One Touch,GAME,4.6,214878,10M,"10,000,000+",Free,3-Aug-18
Stick War: Legacy,GAME,4.6,811040,77M,"10,000,000+",Free,10-May-18
Bowmasters,GAME,4.7,1536349,Varies with device,"50,000,000+",Free,23-Jul-18
Magic Tiles 3,GAME,4.5,592504,Varies with device,"50,000,000+",Free,3-Aug-18
Block Puzzle Classic Legend !,GAME,4.2,17044,4.9M,"5,000,000+",Free,13-Apr-18
Marble Woka Woka 2018 - Bubble Shooter Match 3,GAME,4.6,155186,Varies with device,"10,000,000+",Free,3-Aug-18
Pixel Art: Color by Number Game,GAME,4.7,1125566,25M,"10,000,000+",Free,17-Jul-18
Score! Hero,GAME,4.6,5419676,96M,"100,000,000+",Free,13-Jun-18
Super Jabber Jump 3,GAME,4.3,34494,23M,"5,000,000+",Free,11-Jul-18
Rush,GAME,4.6,260651,51M,"10,000,000+",Free,14-Feb-18
Jetpack Joyride,GAME,4.4,4638163,96M,"100,000,000+",Free,19-Jul-18
Zombie Tsunami,GAME,4.4,4921409,Varies with device,"100,000,000+",Free,15-Jun-18
DEAD TARGET: FPS Zombie Apocalypse Survival Games,GAME,4.5,1468638,Varies with device,"50,000,000+",Free,23-Jul-18
Word Search,GAME,4.2,344585,Varies with device,"50,000,000+",Free,2-Jul-18
Farm Heroes Saga,GAME,4.4,7614407,70M,"100,000,000+",Free,26-Jul-18
Racing in Car 2,GAME,4.3,234110,38M,"50,000,000+",Free,22-Nov-16
Dog Run - Pet Dog Simulator,GAME,4.7,48615,24M,"10,000,000+",Free,22-May-18
Rope Hero Return of a Legend,GAME,4.3,9951,96M,"1,000,000+",Free,26-Aug-16
Draw a Stickman: EPIC 2 Free,GAME,4.3,213340,24M,"10,000,000+",Free,14-Jun-18
Agar.io,GAME,4.2,3815614,32M,"100,000,000+",Free,23-Jul-18
Angry Birds Classic,GAME,4.4,5565856,97M,"100,000,000+",Free,24-May-18
UNO ‚Ñ¢ & Friends,GAME,4.1,1728557,Varies with device,"50,000,000+",Free,20-Sep-17
4 in a Row,GAME,3.8,4257,Varies with device,"500,000+",Free,13-May-18
Bubble Shooter,GAME,4.5,43576,50M,"5,000,000+",Free,13-Sep-17
Subway Surfers,GAME,4.5,27711703,76M,"1,000,000,000+",Free,12-Jul-18
Super Mario Run,GAME,3.7,1221896,70M,"100,000,000+",Free,12-Jul-18
STARDOM: THE A-LIST,GAME,4.5,152658,29M,"1,000,000+",Free,12-Sep-14
Glow Hockey,GAME,4.1,1703479,Varies with device,"100,000,000+",Free,22-Jul-18
Pok√©mon GO,GAME,4.1,10421284,85M,"100,000,000+",Free,23-Jul-18
Asphalt 8: Airborne,GAME,4.5,8389714,92M,"100,000,000+",Free,4-Jul-18
PAC-MAN,GAME,4.2,685450,37M,"100,000,000+",Free,15-May-18
Lep's World 2 üçÄüçÄ,GAME,4.3,798522,57M,"100,000,000+",Free,7-Jun-18
Law of Creation: A Playable Manga,GAME,4.5,13118,47M,"500,000+",Free,25-Jun-18
Real City Car Driver,GAME,3.7,413609,22M,"10,000,000+",Free,1-Aug-18
Rolling Sky,GAME,4.5,1117212,50M,"50,000,000+",Free,3-Aug-18
4 in a row,GAME,4.3,47698,4.1M,"5,000,000+",Free,12-Apr-16
Four In A Line Free,GAME,4.3,133195,11M,"5,000,000+",Free,11-Jun-18
Alto's Adventure,GAME,4.6,515240,63M,"10,000,000+",Free,5-Jun-18
Draw A Stickman,GAME,3.4,29265,17M,"1,000,000+",Free,19-May-17
Zombie Tsunami,GAME,4.4,4918776,Varies with device,"100,000,000+",Free,15-Jun-18
Four In A Line,GAME,3.8,22191,3.0M,"1,000,000+",Free,4-May-15
Cardi B Piano Game,GAME,3.1,50,7.4M,"10,000+",Free,15-Nov-17
MORTAL KOMBAT X,GAME,4.4,3039889,18M,"10,000,000+",Free,27-Jun-18
‚ñ∫ MultiCraft ‚Äï Free Miner! üëç,GAME,4.3,1305050,Varies with device,"50,000,000+",Free,29-Jul-18
Pixel Gun 3D: Survival shooter & Battle Royale,GAME,4.5,4487182,55M,"50,000,000+",Free,4-Jul-18
B-52 Spirits of Glory Deluxe,GAME,4.3,12,29M,100+,Paid,2-Sep-17
Hungry Shark Evolution,GAME,4.5,6071542,100M,"100,000,000+",Free,25-Jul-18
Perfect Piano,GAME,4.2,828489,Varies with device,"50,000,000+",Free,4-Aug-18
B-Grade Renegade,GAME,3.9,24,64M,"1,000+",Paid,17-Oct-17
CURSUM B,GAME,,30,26M,500+,Paid,20-Jun-17
Critical Ops,GAME,4.4,1397944,50M,"10,000,000+",Free,31-Jul-18
Hill Climb Racing,GAME,4.4,8921451,63M,"100,000,000+",Free,2-Jul-18
Hitman Sniper,GAME,4.6,408292,29M,"10,000,000+",Paid,12-Jul-18
FRONTLINE COMMANDO: D-DAY,GAME,4.5,1736105,14M,"10,000,000+",Free,16-May-14
Fruit Ninja¬Æ,GAME,4.3,5091448,41M,"100,000,000+",Free,12-Jul-18
Crossy Road,GAME,4.5,4229977,60M,"100,000,000+",Free,1-Aug-18
Temple Run 2,GAME,4.3,8116142,62M,"500,000,000+",Free,5-Jul-18
Beach Buggy Blitz,GAME,4.2,640974,47M,"50,000,000+",Free,5-Jun-18
Vector,GAME,4.4,3058687,89M,"100,000,000+",Free,18-Jul-16
Dr. Driving,GAME,4.5,4972230,9.9M,"100,000,000+",Free,2-Mar-18
D Day World War II Commando Survival Shooting,GAME,4.2,951,64M,"100,000+",Free,25-May-18
Geometry Dash Meltdown,GAME,4.6,1591129,48M,"50,000,000+",Free,22-Dec-17
Sniper 3D Gun Shooter: Free Shooting Games - FPS,GAME,4.6,7657490,Varies with device,"100,000,000+",Free,2-Aug-18
Bike Race Free - Top Motorcycle Racing Games,GAME,4.5,2586261,Varies with device,"100,000,000+",Free,31-Jul-18
Smash Hit,GAME,4.5,4147718,79M,"100,000,000+",Free,26-Nov-15
Temple Run,GAME,4.3,4000433,42M,"100,000,000+",Free,2-Aug-18
Super Car F. Mod for MCPE,GAME,3.6,214,4.9M,"50,000+",Free,19-Jul-18
Geometry Dash World,GAME,4.6,759838,63M,"10,000,000+",Free,22-Dec-17
PUBG MOBILE,GAME,4.4,3697174,36M,"50,000,000+",Free,24-Jul-18
Gangstar Vegas - mafia game,GAME,4.5,4830407,32M,"50,000,000+",Free,25-May-18
Granny,GAME,4.5,1128805,59M,"50,000,000+",Free,29-May-18
Rolling G Sky,GAME,3.6,2065,25M,"100,000+",Free,25-Jan-17
G-Switch 2,GAME,4.4,12683,19M,"1,000,000+",Free,5-Feb-18
G-Switch 3,GAME,4.6,3656,39M,"100,000+",Free,15-Mar-18
G-Switch,GAME,3.8,4116,8.8M,"100,000+",Free,1-Sep-15
Radial-G : Infinity,GAME,3.6,517,47M,"50,000+",Free,7-Dec-15
Helix Jump,GAME,4.2,1485806,33M,"100,000,000+",Free,9-Apr-18
Geometry Dash Lite,GAME,4.5,6181640,58M,"100,000,000+",Free,22-Dec-17
Car Driving Simulator Drift,GAME,4.4,19816,57M,"1,000,000+",Free,3-Nov-17
The World Ends With You,GAME,4.6,4108,13M,"10,000+",Paid,14-Dec-15
RC City Police Heavy Traffic Racer,GAME,4.4,3250,27M,"1,000,000+",Free,19-Jul-18
D+H Reaction Wall,GAME,,0,Varies with device,1+,Paid,24-Jul-16
Motorbike Driving Simulator 3D,GAME,3.9,178723,65M,"10,000,000+",Free,25-Dec-16
Helix,GAME,3.9,2454,37M,"500,000+",Free,10-Sep-17
slither.io,GAME,4.4,5231553,Varies with device,"100,000,000+",Free,14-Nov-17
Solitaire!,GAME,4.7,403911,23M,"10,000,000+",Free,24-Jun-18
iGun Pro -The Original Gun App,GAME,4.2,249308,55M,"10,000,000+",Free,7-Sep-17
Sonic Dash,GAME,4.5,3777822,75M,"100,000,000+",Free,26-Jul-18
NinJump,GAME,4.3,421000,36M,"10,000,000+",Free,13-Jun-18
Zombie Catchers,GAME,4.7,989158,75M,"10,000,000+",Free,24-May-18
Fidget Spinner,GAME,4.2,307398,9.9M,"10,000,000+",Free,30-Nov-17
Jetpack Joyride,GAME,4.4,4637439,96M,"100,000,000+",Free,19-Jul-18
Anger of stick 5 : zombie,GAME,4.5,547644,23M,"50,000,000+",Free,3-Aug-18
J Balvin Piano Tiles,GAME,,6,30M,500+,Free,15-May-18
Guess the song of J Balvin,GAME,,28,8.9M,"1,000+",Free,24-Dec-17
J-Stars Victory VS Guide,GAME,4.1,609,13M,"10,000+",Free,14-May-14
KIM KARDASHIAN: HOLLYWOOD,GAME,4.3,1017408,34M,"10,000,000+",Free,16-Jul-18
Magic Tiles - TWICE Edition (K-Pop),GAME,4.4,2351,62M,"100,000+",Free,25-Jul-18
Magic Tiles - Blackpink Edition (K-Pop),GAME,4.6,4304,71M,"100,000+",Free,20-Jun-18
Korean Dungeon: K-Word 1000,GAME,4.7,703,40M,"10,000+",Free,17-Nov-17
Talking Tom Gold Run,GAME,4.6,2694969,78M,"100,000,000+",Free,31-Jul-18
Lep's World üçÄ,GAME,4.3,696019,Varies with device,"50,000,000+",Free,26-May-18
Last Day on Earth: Survival,GAME,4.5,2308916,87M,"10,000,000+",Free,1-Aug-18
Ant Smasher by Best Cool & Fun Games,GAME,4.2,1185148,29M,"100,000,000+",Free,1-Aug-18
Cheating Tom 3 - Genius School,GAME,4.3,90415,84M,"10,000,000+",Free,24-Jul-18
M3-X5-X6-M-ƒ∞3-ƒ∞8 RACƒ∞NG 2018,GAME,4.4,596,44M,"100,000+",Free,12-Feb-17
M-acceleration 3D Car Racing,GAME,3.9,1202,34M,"100,000+",Free,28-Jun-18
Super Hero M Craft Run,GAME,3.7,303,38M,"100,000+",Free,12-Jul-17
Don't Hug Me I'm So Scared,GAME,3.5,901,63M,"50,000+",Free,8-Jun-18
Rope'n'Fly 4,GAME,4.1,234606,59M,"10,000,000+",Free,29-Jan-18
Cops N Robbers - FPS Mini Game,GAME,4.2,156862,64M,"5,000,000+",Free,31-Jul-18
Cops N Robbers 2,GAME,4.1,63680,46M,"1,000,000+",Free,2-Jun-18
Hide N Seek : Mini Game,GAME,3.8,4719,54M,"500,000+",Free,8-Jul-18
Rope'n'Fly 3 - Dusk Till Dawn,GAME,4,166033,23M,"10,000,000+",Free,31-Jan-18
Drag'n'Boom,GAME,4.8,133180,54M,"1,000,000+",Free,12-Jan-18
Traps n' Gemstones,GAME,4.5,413,9.1M,"1,000+",Paid,17-May-17
Cops N Robbers,GAME,4,37789,58M,"1,000,000+",Free,6-Jun-18
Ghosts'n Goblins MOBILE,GAME,3.8,466,28M,"10,000+",Paid,28-Mar-17
Mopar Drag N Brag,GAME,4.2,30630,17M,"1,000,000+",Free,25-May-15
Draw N Guess Multiplayer,GAME,3.9,29505,69M,"1,000,000+",Free,4-Apr-18
Lock 'n' Roll Pro - Ad Free,GAME,4.6,169,13M,"1,000+",Paid,1-Jul-15
Rock N' Cash Casino Slots -Free Vegas Slot Games,GAME,4.7,6187,33M,"100,000+",Free,27-Jul-18
Rock n Roll Music Quiz Game,GAME,3.7,80,7.6M,"10,000+",Free,6-Jun-18
Jump'N'Shoot Attack,GAME,4.1,155,32M,"1,000+",Paid,26-May-18
Ghouls'n Ghosts MOBILE,GAME,3.9,168,49M,"5,000+",Paid,18-May-17
Oddworld: New 'n' Tasty,GAME,4.6,1475,34M,"10,000+",Paid,2-Jan-18
Obbligo o Verit√†? PRO,GAME,,4,2.9M,100+,Paid,26-Apr-18
Drink-O-Tron The Drinking Game,GAME,4.1,140,45M,"50,000+",Free,31-May-17
The Maze Runner,GAME,4,428268,22M,"10,000,000+",Free,14-Sep-15
The Q - Live Trivia Game Network,GAME,2.7,1486,14M,"100,000+",Free,3-Aug-18
Q*bert: Rebooted,GAME,4.3,13788,55M,"1,000,000+",Free,1-Apr-17
Gun Shoot War Q,GAME,4.2,26893,20M,"1,000,000+",Free,1-Mar-17
DJMAX TECHNIKA Q - Music Game,GAME,4.3,21107,95M,"100,000+",Free,30-Jul-18
R-TYPE II,GAME,4.3,5682,37M,"50,000+",Paid,2-Mar-17
R-TYPE,GAME,4.5,7687,23M,"100,000+",Paid,27-Feb-17
Stupid Zombies,GAME,4.5,464900,33M,"10,000,000+",Free,27-Jun-18
Crime Wars S. Andreas,GAME,4.3,5785,93M,"500,000+",Free,12-Apr-17
Dino T-Rex,GAME,4,69115,2.4M,"10,000,000+",Free,13-Jun-18
Don't Starve: Pocket Edition,GAME,4.4,17988,7.9M,"100,000+",Paid,25-Jul-18
Don't Starve: Shipwrecked,GAME,4.1,1468,4.9M,"10,000+",Paid,10-Jul-18
Ludo - Don't get angry,GAME,4.2,131,23M,"1,000+",Paid,24-Feb-16
U-48 Submarine Commander Free,GAME,3.5,4575,3.8M,"500,000+",Free,7-Oct-17
Identity V,GAME,4.2,109263,38M,"1,000,000+",Free,10-Jul-18
V for Voodoo,GAME,4.2,16876,59M,"1,000,000+",Free,28-Jun-18
Sin City Crime Simulator V - Gangster,GAME,4.2,2113,67M,"100,000+",Free,23-Apr-18
The Gang Sniper V. Pocket Edition.,GAME,3.9,6121,61M,"500,000+",Free,20-Jun-18
San Andreas: Gang Crime V,GAME,4.1,2399,42M,"100,000+",Free,28-Jan-18
Mental Hospital V,GAME,4.2,2460,25M,"50,000+",Paid,19-Nov-16
Grand Stickman Cover V,GAME,4,1744,37M,"100,000+",Free,19-May-18
Words With Friends Classic,GAME,4.3,1704112,Varies with device,"50,000,000+",Free,11-Jul-18
Draw Something Classic,GAME,4.2,1092106,43M,"50,000,000+",Free,28-Jul-18
Extreme X Ray Robot Stunts,GAME,4.3,10806,49M,"5,000,000+",Free,9-May-17
Casino X - Free Online Slots,GAME,4.5,30515,Varies with device,"1,000,000+",Free,22-May-18
X-WOLF,GAME,4.2,4878,27M,"100,000+",Free,2-Feb-18
Hero Fighter X,GAME,4.5,24210,45M,"500,000+",Free,13-Nov-15
Slendrina X,GAME,4.4,12736,56M,"1,000,000+",Free,18-Dec-17
Robocar X Ray,GAME,4.5,3432,99M,"1,000,000+",Free,23-Jan-17
Space X: Sky Wars of Air Force,GAME,4.5,10748,47M,"1,000,000+",Free,4-Aug-18
Real Gangster Crime,GAME,4.3,285814,84M,"10,000,000+",Free,26-Jun-18
Gangster Town,GAME,4.1,74842,99M,"5,000,000+",Free,22-Dec-16
Rope Hero 3,GAME,4.4,45871,99M,"5,000,000+",Free,8-May-17
Experiment Z - Zombie,GAME,4,229329,88M,"10,000,000+",Free,4-Dec-17
Z Champions,GAME,4.7,96028,59M,"1,000,000+",Free,28-May-18
WithstandZ - Zombie Survival!,GAME,4.3,121612,59M,"1,000,000+",Free,28-Dec-17
Zombie War Z : Hero Survival Rules,GAME,3.9,1987,62M,"100,000+",Free,13-Dec-17
DRAGON BALL Z DOKKAN BATTLE,GAME,4.1,650114,80M,"10,000,000+",Free,3-Jul-18
Cube Z (Pixel Zombies),GAME,4.2,41444,56M,"1,000,000+",Free,31-Jul-16
GALAK-Z: Variant Mobile,GAME,3.9,145,79M,"10,000+",Free,30-Jul-18
Reload: The Z-Team,GAME,4.3,1655,91M,"100,000+",Free,28-Feb-18
Rage Z: Multiplayer Zombie FPS Online Shooter,GAME,4.1,11258,44M,"500,000+",Free,8-Dec-16
Pixel Z Gunner 3D - Battle Survival Fps,GAME,4.2,11408,96M,"1,000,000+",Free,6-Jul-18
Saiyan Z: Super SSJ Ultimate Combat,GAME,4.4,306,61M,"10,000+",Free,18-Apr-18
Mini DAYZ: Zombie Survival,GAME,4.1,94661,Varies with device,"1,000,000+",Free,8-Jun-18
Zombie Avengers:(Dreamsky)Stickman War Z,GAME,4.3,13604,96M,"1,000,000+",Paid,26-Jun-18
Route Z,GAME,3.9,24697,16M,"500,000+",Free,10-Jul-15
Dragon X Adventure: Warrior Z,GAME,4.3,8537,29M,"100,000+",Free,3-Nov-15
Ultimate Fighter Z,GAME,4.3,180,24M,"5,000+",Free,16-Jul-18
Angry Birds Rio,GAME,4.4,2610328,46M,"100,000,000+",Free,3-Jul-18
Angry Birds Friends,GAME,4.2,829753,48M,"50,000,000+",Free,19-Jun-18
Angry Birds Go!,GAME,4.2,3846378,82M,"50,000,000+",Free,30-May-18
Angry Birds Star Wars,GAME,4.3,1218055,45M,"100,000,000+",Free,25-May-18
Assassin's Creed Identity,GAME,3.7,42529,92M,"500,000+",Paid,23-Nov-16
ONScripter Plus (Ad Free),GAME,4.5,100,17M,"1,000+",Paid,7-Apr-16
Solitaire: Decked Out Ad Free,GAME,4.9,37302,35M,"500,000+",Free,8-May-17
AE Jewels 2: Island Adventures,GAME,4.2,652,30M,"10,000+",Free,24-Feb-16
AE Bingo: Offline Bingo Games,GAME,4.4,61746,Varies with device,"500,000+",Free,30-Sep-16
AE Jewels,GAME,4.2,960,18M,"50,000+",Free,20-Aug-15
AE Spider Solitaire,GAME,4.5,17263,Varies with device,"500,000+",Free,7-Jun-17
AE Coin Mania : Arcade Fun,GAME,4.3,30002,29M,"1,000,000+",Free,8-Feb-18
Mupen64+AE FREE (N64 Emulator),GAME,4,41759,12M,"1,000,000+",Free,19-Jan-14
Mupen64Plus AE (N64 Emulator),GAME,4.2,4569,12M,"100,000+",Paid,19-Jan-14
AE Lucky Fishing,GAME,4.3,18277,17M,"1,000,000+",Free,14-Mar-16
AE Video Poker,GAME,4,721,18M,"50,000+",Free,31-Dec-15
AE Solitaire,GAME,4.3,1776,26M,"50,000+",Free,4-Jan-18
AE Blackjack,GAME,4,1417,17M,"100,000+",Free,27-Nov-15
AE Gun Ball: arcade ball games,GAME,3.7,8581,12M,"1,000,000+",Free,13-Dec-13
AE 3D MOTOR :Racing Games Free,GAME,4.2,74902,Varies with device,"5,000,000+",Free,26-Aug-16
AE GTO Racing,GAME,3.9,6988,35M,"100,000+",Free,24-Sep-15
AE 3D Moto 3,GAME,3.9,2588,26M,"100,000+",Free,31-Dec-14
AE FreeCell,GAME,4.2,358,15M,"10,000+",Free,6-Nov-14
AE City Jump,GAME,4.5,804,27M,"10,000+",Free,18-Jul-18
AE Angry Chef,GAME,4.1,533,39M,"10,000+",Free,24-Jan-14
AE Master Moto,GAME,4,17876,37M,"1,000,000+",Free,10-Dec-15
AE Fishing Hunter,GAME,4.4,14,6.6M,"1,000+",Free,15-Mar-16
Gun Strike Shoot,GAME,4.1,94761,17M,"10,000,000+",Free,21-Feb-17
AG Drive 3D,GAME,3.8,164,22M,"10,000+",Free,20-Mar-15
VR AG Racing for Cardboard,GAME,3.4,13,27M,"1,000+",Free,29-Sep-16
AH-1 Viper Cobra Ops - helicopter flight simulator,GAME,3.8,1088,86M,"100,000+",Free,16-Feb-18
Ah! Coins,GAME,3.4,256,9.1M,"50,000+",Free,8-Dec-16
AJ Jump: Animal Jam Kangaroos!,GAME,4.4,2975,42M,"50,000+",Paid,7-Mar-16
Baby Game Animal Jam Free,GAME,2.8,9,26M,500+,Free,24-Mar-17
Blackjack aj Poker,GAME,3.8,8,4.2M,"1,000+",Free,19-Oct-16
Puppy Shooting an AK-47: Platformer Zombie Game,GAME,4.8,21,89M,"1,000+",Free,30-Mar-18
Crisis Action: 2018 NO.1 FPS,GAME,4.3,807226,34M,"10,000,000+",Free,11-Jul-18
AK-47 3D,GAME,3.7,91,24M,"10,000+",Free,25-Dec-16
AK-47 Assult Rifle: Gun Shooting Simulator Game,GAME,,1,5.8M,500+,Free,17-May-18
Counter Terrorist Attack,GAME,3.9,145931,43M,"10,000,000+",Free,31-May-18
RULES OF SURVIVAL,GAME,4.2,1343106,56M,"10,000,000+",Free,1-Aug-18
AK Blackjack,GAME,,4,7.6M,"1,000+",Free,30-Jul-18
GUN ZOMBIE,GAME,4.4,243121,38M,"5,000,000+",Free,17-Oct-14
Shoot Strike War Fire,GAME,4.1,82827,20M,"10,000,000+",Free,13-Jul-18
I Am Innocent,GAME,4.4,208501,56M,"1,000,000+",Free,23-Jul-18
I am Bread,GAME,4,630,20M,"10,000+",Paid,26-Oct-16
What Am I? - Brain Teasers,GAME,4.2,4537,15M,"100,000+",Free,5-Apr-17
Who am I? (Biblical),GAME,4.5,5849,5.1M,"500,000+",Free,13-Sep-17
Vikings: an Archer's Journey,GAME,4.5,10256,39M,"1,000,000+",Free,11-Dec-17
Draw a Stickman: EPIC Free,GAME,4.2,210317,46M,"10,000,000+",Free,10-Apr-15
THE KING OF FIGHTERS-A 2012(F),GAME,4.4,406511,21M,"5,000,000+",Free,21-Oct-16
Fast like a Fox,GAME,4.3,104389,12M,"5,000,000+",Free,17-Apr-18
Ao Oni2,GAME,4.1,21223,48M,"1,000,000+",Free,20-Apr-18
Arena of Valor: 5v5 Arena Game,GAME,4.4,438911,99M,"10,000,000+",Free,28-Jun-18
Mobile Legends: Bang Bang,GAME,4.4,8219586,99M,"100,000,000+",Free,24-Jul-18
Kill Shot Bravo: Sniper FPS,GAME,4.4,579519,99M,"10,000,000+",Free,18-Jul-18
Carnivores: Dinosaur Hunter,GAME,4.2,62636,17M,"1,000,000+",Free,2-Jul-18
Hopeless Land: Fight for Survival,GAME,4.2,250197,44M,"5,000,000+",Free,12-Jul-18
Heroes Arena,GAME,4.2,336386,88M,"10,000,000+",Free,24-Jul-18
DINO HUNTER: DEADLY SHORES,GAME,4.4,1381624,54M,"10,000,000+",Free,14-Mar-17
Undead Assault,GAME,4.3,4704,37M,"100,000+",Free,4-Nov-15
Guess the Class üî• AQW,GAME,4.7,57,12M,"1,000+",Free,1-Nov-17
Iron Blade,GAME,4.4,161637,82M,"10,000,000+",Free,18-Jul-18
Evil Apples: A Dirty Card Game,GAME,4.3,137696,55M,"5,000,000+",Free,19-Jul-18
Ghost Snap AR Horror Survival,GAME,3.8,898,33M,"100,000+",Free,21-Dec-16
The Walking Dead: Our World,GAME,4,22435,100M,"1,000,000+",Free,1-Aug-18
Ingress,GAME,4.3,391325,43M,"10,000,000+",Free,20-Jun-18
Flat Pack,GAME,4.4,862,44M,"100,000+",Free,16-Mar-18
Crayola Color Blaster,GAME,3.8,17,30M,"1,000+",Free,13-Mar-18
Guns of Boom - Online Shooter,GAME,4.6,1226514,99M,"10,000,000+",Free,20-Jul-18
Guns Royale - Multiplayer Blocky Battle Royale,GAME,4.6,19070,90M,"100,000+",Free,4-Aug-18
Stack It AR,GAME,3.8,1363,26M,"100,000+",Free,29-Jun-18
Nightenfell: Shared AR,GAME,4.5,20,65M,"1,000+",Paid,27-Mar-18
Arcraft - AR Sandbox,GAME,3.8,469,80M,"10,000+",Free,19-May-17
AR Tank Battle,GAME,3.6,153,67M,"10,000+",Free,31-Dec-16
Sonic the Hedgehog‚Ñ¢ Classic,GAME,4.4,125652,56M,"10,000,000+",Free,18-Jun-18
Pacific Navy Fighter C.E. (AS),GAME,4.3,11379,20M,"500,000+",Free,29-Jul-18
My OldBoy! Free - GBC Emulator,GAME,4.2,51787,Varies with device,"5,000,000+",Free,12-Jan-18
My Boy! Free - GBA Emulator,GAME,4.3,531074,2.5M,"10,000,000+",Free,9-Jan-18
SAMURAI vs ZOMBIES DEFENSE,GAME,4.5,407788,19M,"5,000,000+",Free,18-Jul-13
Five Nights at Freddy's 4 Demo,GAME,4.4,889425,45M,"10,000,000+",Free,26-Jul-15
Five Nights at Freddy's 3 Demo,GAME,4.5,1041836,50M,"10,000,000+",Free,2-Apr-15
Nights at Cube Pizzeria 3D ‚Äì 2,GAME,4,47151,36M,"5,000,000+",Free,26-Dec-17
Rivals at War: Firefight,GAME,4.4,344819,51M,"5,000,000+",Free,18-Oct-16
Five Nights at Freddy's,GAME,4.6,100805,50M,"1,000,000+",Paid,2-Dec-14
7 Nights at Pixel Pizzeria - 2,GAME,4,23168,54M,"1,000,000+",Free,9-Jul-18
Nights at Slender Pizzeria 3D,GAME,4.1,2628,45M,"100,000+",Free,22-May-17
One Night at Golden Freddy's,GAME,3.3,2717,4.0M,"100,000+",Free,7-Dec-17
Nights at Cube Pizzeria 3D ‚Äì 4,GAME,4.1,7728,39M,"500,000+",Free,17-Jul-18
Five Nights at Neighbor House,GAME,4.2,2180,55M,"100,000+",Free,26-Jan-18
Asylum Night Shift - Five Nights Survival,GAME,4,59223,46M,"5,000,000+",Free,26-Jun-18
Five Nights at Freddy's: SL,GAME,4.5,16162,99M,"100,000+",Paid,6-Apr-17
Two Nights at jumpscare,GAME,3.8,596,91M,"100,000+",Free,17-Aug-17
Five Nights at Pizzeria,GAME,3.5,1976,21M,"100,000+",Free,3-Mar-18
Block Battles: Heroes at War - Multiplayer PVP,GAME,4.3,6698,46M,"500,000+",Free,14-May-16
Five Nights at Freddy's 4,GAME,4.6,21266,45M,"100,000+",Paid,26-Jul-15
Five Nights at Flappy's,GAME,4.7,4041,24M,"10,000+",Free,27-Jun-17
5 Nights at Cube Pizzeria City,GAME,3.8,2691,52M,"100,000+",Free,22-Feb-17
Five Nights at Freddy's 3,GAME,4.7,27856,50M,"100,000+",Paid,2-Apr-15
Au Mobile: Audition Ch√≠nh Hi·ªáu,GAME,3.9,85278,23M,"1,000,000+",Free,17-Jul-18
AU Mobile Indonesia,GAME,3.6,16521,23M,"1,000,000+",Free,9-May-18
Super Dancer,GAME,4.1,91667,27M,"1,000,000+",Free,24-Jul-18
Au-allstar for KR,GAME,3.6,2433,47M,"100,000+",Free,15-Jun-18
Super Dancer VN,GAME,4,24312,25M,"500,000+",Free,22-Jul-18
Love Dance,GAME,4,29462,44M,"1,000,000+",Free,14-Jun-18
Avatar Musik,GAME,3.8,159063,85M,"1,000,000+",Free,9-Feb-18
DEER HUNTER 2018,GAME,4.3,955614,82M,"10,000,000+",Free,26-Jun-18
Armored Warfare: Assault,GAME,4,7718,46M,"100,000+",Free,2-Aug-18
Auction Wars : Storage King,GAME,4.1,29062,63M,"1,000,000+",Free,15-Sep-17
iSniper 3D Arctic Warfare,GAME,3.8,35572,Varies with device,"1,000,000+",Free,4-Sep-13
Modern Action Commando 3D,GAME,4.2,492,63M,"100,000+",Free,6-Apr-17
Call of Duty¬Æ: Heroes,GAME,4.4,1604146,57M,"10,000,000+",Free,27-Jun-18
AXE.IO - Brutal Survival Battleground,GAME,4.2,3845,76M,"500,000+",Free,3-Aug-18
Axe Champ,GAME,3.8,141,19M,"10,000+",Free,26-May-18
Axe Champ Hit,GAME,,1,15M,100+,Free,25-May-18
Axe Champion,GAME,4.4,21,15M,"5,000+",Free,28-May-18
Vikings Stickman Axe Fighting,GAME,4.2,924,43M,"100,000+",Free,21-Oct-17
Axetatic - Axe Throwing Game,GAME,4.6,29,31M,"1,000+",Free,22-Oct-17
Axe Champs! Wars,GAME,5,8,25M,50+,Free,26-Jun-18
Axe Knight,GAME,4.5,52,33M,"5,000+",Free,26-Jun-18
The Vikings,GAME,4.4,15806,42M,"1,000,000+",Free,6-Jun-18
Knife&Axe Throwing,GAME,3.1,440,9.1M,"50,000+",Free,26-Nov-12
Stickman and Axe,GAME,4.4,69,2.8M,"50,000+",Free,25-Nov-17
Axe Throw: Flip Champ Axes Champion Throwing Games,GAME,,1,13M,50+,Free,31-May-18
Axe Man,GAME,3.7,53,14M,"1,000+",Free,23-Feb-15
Dead Zombie Evil Killer:Axe,GAME,3.9,71,52M,"10,000+",Free,1-Dec-16
Zlax.io Zombs Luv Ax,GAME,4.6,6344,32M,"500,000+",Free,4-Apr-18
Clash of Axe: Flippy Lumberjack Action X,GAME,4.3,6,61M,"1,000+",Free,14-Sep-17
Flippy Axe : Flip The Knife & Axe Simulator,GAME,5,7,15M,100+,Free,27-Sep-17
Cyborg AX-001,GAME,,0,Varies with device,50+,Free,25-Jun-18
Woodman Deluxe,GAME,4,82,4.4M,"5,000+",Free,6-Jul-15
¬°Ay Metro!,GAME,3.8,489,36M,"10,000+",Free,17-Mar-15
YAKALA AY,GAME,,0,14M,1+,Paid,7-Jul-18
Ay Vamos - PJ. Balvin - Piano,GAME,,0,29M,5+,Free,9-Jul-18
San Andreas Crime Stories,GAME,4,162530,97M,"10,000,000+",Free,2-Jul-18
Miami crime simulator,GAME,4,254518,100M,"10,000,000+",Free,9-Jul-18
Strange Hero: Future Battle,GAME,4.2,88901,73M,"10,000,000+",Free,24-May-18
Mad Day - Truck Distance Game,GAME,4.3,29270,44M,"5,000,000+",Free,25-Jul-18
AZ Rockets,GAME,4.2,162,37M,"10,000+",Free,25-May-18
Ra Ga Ba,GAME,5,2,20M,1+,Paid,8-Feb-17
Ba Cristi,GAME,3.5,196,35M,"10,000+",Free,22-Mar-16
Banana Kong,GAME,4.4,3452530,68M,"100,000,000+",Free,7-Feb-18
Space Shooter : Galaxy Attack,GAME,4.6,169661,40M,"10,000,000+",Free,1-Aug-18
BC Slots - The Lost Reels FREE,GAME,4,209,22M,"10,000+",Free,13-Jul-18
Millionaire : Who want to be?,GAME,4.4,4396,40M,"100,000+",Free,12-Apr-17
Bowmasters,GAME,4.7,1535581,Varies with device,"50,000,000+",Free,23-Jul-18
Beauty Idol: Fashion Queen,GAME,4.3,128367,54M,"1,000,000+",Free,27-Oct-17
Hard Time (Prison Sim),GAME,4.3,275843,41M,"10,000,000+",Free,19-Jul-18
Battlefield‚Ñ¢ Companion,GAME,4,263907,62M,"10,000,000+",Free,1-Nov-16
Wolf of the BF:Commando MOBILE,GAME,3.4,32,27M,"1,000+",Paid,23-Mar-17
BF at Sea Refueled,GAME,4.4,1849,37M,"10,000+",Free,20-Oct-15
Bullet Force,GAME,4.5,634159,58M,"10,000,000+",Free,21-Jun-18
BF Combat: Genesis,GAME,4,3322,82M,"100,000+",Free,2-Mar-17
Combat BF: Black Ops 3,GAME,4.2,7699,83M,"500,000+",Free,2-Mar-17
BF Frontline City,GAME,4.1,29798,80M,"1,000,000+",Free,6-Mar-17
Faketalk - Chatbot,GAME,4.2,63056,8.1M,"1,000,000+",Free,3-Jul-18
Block Gun 3D: Call of Destiny,GAME,3.7,31883,20M,"1,000,000+",Free,23-Mar-17
BLOOD & GLORY: IMMORTALS,GAME,4.3,101762,11M,"1,000,000+",Free,11-Jun-15
Shadow Fight 2 Special Edition,GAME,4.5,10440,86M,"50,000+",Paid,30-May-18
Block Gun 3D: Ghost Ops,GAME,3.9,142693,21M,"5,000,000+",Free,7-Jun-18
Backgammon NJ for Android,GAME,4.4,1644,15M,"10,000+",Paid,5-Apr-17
Rento - Dice Board Game Online,GAME,4.3,205830,63M,"10,000,000+",Free,20-Jun-18
Survival Run with Bear Grylls,GAME,4.2,128579,Varies with device,"5,000,000+",Free,6-May-18
VIP Backgammon Free : Play Backgammon Online,GAME,4.1,389,Varies with device,"10,000+",Free,3-Jul-18
Out of Bounds BH Demo,GAME,,3,14M,10+,Free,19-Nov-15
Bi-Tank Ads Free,GAME,,0,Varies with device,1+,Paid,31-Jul-17
Bi-Tank,GAME,4.6,12,18M,50+,Free,31-Jul-17
Bike Rivals,GAME,4.2,212067,48M,"10,000,000+",Free,15-Jul-15
Bingo Party - Free Bingo Games,GAME,4.7,155694,92M,"1,000,000+",Free,13-Jul-18
BJ's Bingo & Gaming Casino,GAME,4.5,501,65M,"10,000+",Free,26-Jul-18
BJ Bridge Pro 2018,GAME,4.4,17,4.8M,500+,Paid,21-May-18
BJ Bridge Free (2018),GAME,3.9,20,4.8M,"10,000+",Free,21-May-18
BJ Bridge Acol Beginner 2018,GAME,3.7,11,4.8M,"5,000+",Free,21-May-18
BJ Bridge Standard American 2018,GAME,1,1,4.9M,"1,000+",Free,21-May-18
BJ Strategy Tester,GAME,,1,8.8M,100+,Free,19-May-15
Cards Casino:Video Poker & BJ,GAME,4.7,325,23M,"10,000+",Free,8-May-15
"Real Casino:Slot,Keno,BJ,Poker",GAME,4.1,341,26M,"50,000+",Free,12-Aug-16
Basic Strategy Training BJ 21,GAME,,0,23M,500+,Free,7-Mar-16
BJ card game blackjack,GAME,,3,21M,500+,Free,2-Dec-16
BLACKJACK!,GAME,4.4,524467,33M,"10,000,000+",Free,7-Jul-16
Blackjack Verite Drills,GAME,4.6,17,4.7M,100+,Paid,9-Jul-17
Blackjack,GAME,4.3,52199,Varies with device,"1,000,000+",Free,18-May-17
BlackJack -21 Casino Card Game,GAME,4.7,2066,25M,"100,000+",Free,14-Mar-18
BlackJack 21 Pro,GAME,4.5,26744,51M,"500,000+",Free,27-Jul-18
Ultimate BlackJack 3D FREE,GAME,4.1,1686,4.6M,"100,000+",Free,20-Apr-15
Blood Domination - BL Game,GAME,4.5,415,52M,"10,000+",Free,6-Jul-18
Heirs & Graces,GAME,4.3,125,70M,"5,000+",Free,1-Jul-16
SecondSecret ‚Äê„ÄåÊÅã„ÇíË™≠„ÇÄ„ÄçBL„Éé„Éô„É´„Ç≤„Éº„É†‚Äê,GAME,4.4,1563,40M,"50,000+",Free,29-Jun-17
Lust in Terror Manor - The Truth Unveiled | Otome,GAME,4.1,355,53M,"10,000+",Free,10-Jul-18
MEGA MAN MOBILE,GAME,4,267,40M,"10,000+",Paid,17-Feb-17
BL!TZ - Endless,GAME,4.7,21,9.0M,100+,Free,30-Jun-17
BL-ED: From BLUE to RED,GAME,,3,2.9M,10+,Free,24-Apr-16
Teen Patti by BL Games,GAME,4.1,496,39M,"100,000+",Free,31-Jan-17
Word Hunt,GAME,4.9,59,21M,500+,Free,22-Jun-18
New York Mysteries (Full),GAME,4.5,514,5.9M,"5,000+",Paid,4-Jun-18
The Legacy (Full),GAME,4.6,144,6.3M,"1,000+",Paid,15-May-18
Skip-Bo‚Ñ¢,GAME,4.4,33661,60M,"100,000+",Paid,3-Aug-18
Skip-Bo‚Ñ¢ Free,GAME,3.5,46801,60M,"1,000,000+",Free,3-Aug-18
Red Ball 4,GAME,4.4,1432447,59M,"50,000,000+",Free,9-Nov-17
Skater Boy,GAME,4.3,1167143,12M,"100,000,000+",Free,20-Sep-17
Sic Bo,GAME,,1,11M,100+,Paid,27-Aug-13
Sic Bo Online! Free Casino,GAME,3.8,488,30M,"100,000+",Free,10-Jun-16
Hambo,GAME,4.4,125578,17M,"5,000,000+",Free,6-Jul-15
Sic Bo Rave,GAME,3.9,164,33M,"10,000+",Free,23-Sep-13
Thai Sic Bo,GAME,4.1,14283,4.2M,"1,000,000+",Free,1-Oct-17
Bounce Classic,GAME,4.5,38297,6.4M,"10,000,000+",Free,5-Jul-18
Bomber Friends,GAME,4.5,776730,49M,"10,000,000+",Free,26-Jul-18
Sic Bo (Tai Xiu) - Multiplayer Casino,GAME,4.2,152,16M,"10,000+",Free,8-Jul-18
Hungry Shark World,GAME,4.5,1243017,27M,"50,000,000+",Free,18-Jul-18
BQ-·àò·åΩ·àê·çç ·âÖ·ã±·à≥·ãä ·å•·ã´·âÑ·ãé·âΩ,GAME,4.7,191,7.2M,"5,000+",Free,31-Jul-18
Carros Rebaixados BR,GAME,4.3,20691,89M,"1,000,000+",Free,31-Jul-18
Texas HoldEm Poker Deluxe (BR),GAME,4.5,1418,26M,"10,000+",Free,30-May-18
Brick Breaker BR,GAME,5,7,19M,5+,Free,23-Jul-18
Black Commando | Special Ops | FPS Shooting,GAME,4.1,1167,72M,"100,000+",Free,3-May-18
True Skateboarding Ride Skateboard Game Freestyle,GAME,3.8,8175,31M,"1,000,000+",Free,3-Jan-18
Bullshit! (Free),GAME,2.4,45,4.1M,"10,000+",Free,26-Aug-16
Bullshite!,GAME,2.8,48,13M,"10,000+",Free,10-Apr-16
Block Strike,GAME,4.5,947515,60M,"10,000,000+",Free,25-Jul-18
BombSquad Remote,GAME,4.1,13304,1.3M,"1,000,000+",Free,30-Nov-16
BS Tractor,GAME,,3,36M,100+,Free,6-Dec-17
BS Chopper,GAME,,0,41M,100+,Free,5-Oct-17
B@dL!bs Lite,GAME,3.8,10,36M,"1,000+",Free,5-Apr-16
kick the buddy,GAME,3.3,294,19M,"10,000+",Free,19-Jul-18
Bu Hangi √únl√º?,GAME,,1,19M,10+,Free,9-Jun-18
Bu Nedir ?,GAME,,0,33M,50+,Free,15-Apr-18
BU HANGƒ∞ ≈ûARKI ? - 2018,GAME,,4,28M,100+,Free,2-Jun-18
Bu Hangi Oyun ?,GAME,,2,26M,50+,Free,11-Mar-18
Bu Hangi Youtuber ?,GAME,,31,26M,"1,000+",Free,31-Aug-17
Nedir Bu ?,GAME,,0,33M,10+,Free,18-Mar-18
Kick the Buddy,GAME,4.3,1004709,Varies with device,"50,000,000+",Free,5-Jul-18
Bu Hangi Dizi ?,GAME,,14,19M,"1,000+",Free,4-May-18
Smashy Road: Arena,GAME,4.3,45558,53M,"5,000,000+",Free,24-May-18
BW-Go,GAME,4.8,265,1.3M,"1,000+",Paid,18-Jun-15
BW-Go Free,GAME,4.6,547,1.3M,"10,000+",Free,18-Jun-15
BW-Joseki,GAME,4.7,705,1.8M,"10,000+",Free,28-Jul-15
BW-DGS plugin,GAME,4.5,70,691k,"1,000+",Free,13-May-18
BW-GnuGo,GAME,4.1,64,1.3M,"5,000+",Free,2-Jun-13
BW Switch,GAME,,1,13M,10+,Free,16-Apr-18
C3-C4-Pƒ∞CASSO-ELYSEE RACƒ∞NG,GAME,,12,48M,"1,000+",Free,12-Feb-17
Driving Cars Simulator Citroen,GAME,,3,49M,100+,Free,5-Apr-18
RC Monster Truck - Offroad Driving Simulator,GAME,4,38448,27M,"5,000,000+",Free,16-Jun-18
Super Jabber Jump,GAME,4.3,85882,23M,"10,000,000+",Free,7-Nov-17
Commando Adventure Assassin,GAME,4,51067,48M,"5,000,000+",Free,29-May-18
Roulette Advisor LITE,GAME,4.1,41,1.4M,"5,000+",Free,21-Aug-14
Mini Motor Racing WRT,GAME,4.2,107497,Varies with device,"1,000,000+",Free,2-Feb-16
BMX Boy Bike Stunt Rider Game,GAME,3.8,299,25M,"10,000+",Free,10-Nov-17
World of Warriors: Duel,GAME,4.3,25952,36M,"500,000+",Free,7-Sep-15
Driving Zone,GAME,4.2,51791,57M,"1,000,000+",Free,6-Jun-18
Color by Number ‚Äì New Coloring Book,GAME,4.7,142308,24M,"5,000,000+",Free,1-Aug-18
Car Race by Fun Games For Free,GAME,4.3,54221,47M,"1,000,000+",Free,15-Jun-13
Slot Machines by IGG,GAME,4.6,267229,24M,"10,000,000+",Free,28-May-18
Bingo by IGG: Top Bingo+Slots!,GAME,4.7,183343,20M,"5,000,000+",Free,28-May-18
Voxel - 3D Color by Number & Pixel Coloring Book,GAME,4.7,62561,53M,"1,000,000+",Free,31-Jul-18
BZ Zombie VR,GAME,4.4,12,98M,"1,000+",Free,7-Feb-18
BZ Fingers,GAME,4.6,15,3.2M,50+,Free,5-Jul-17
Sniper Gun Shot 3D: Impossible Missions,GAME,4.6,20,34M,100+,Free,4-May-18
Elite Commando Shooting War,GAME,4.5,14,45M,100+,Free,29-Jun-18
Animal Hunting: Sniper Shooting,GAME,,0,48M,50+,Free,6-Jul-18
Creative Destruction,GAME,4.4,201426,80M,"5,000,000+",Free,2-Aug-18
Sonic CD Classic,GAME,4.6,26138,15M,"1,000,000+",Free,14-Feb-18
ARK: Survival Evolved,GAME,3.8,51523,36M,"500,000+",Free,2-Aug-18
PAC-MAN CE DX,GAME,4.5,1692,36M,"10,000+",Paid,23-Apr-18
Grim Tales: The Wishes CE,GAME,4.3,4923,20M,"100,000+",Free,26-Aug-15
CrossFire: Legends,GAME,4.3,144040,29M,"5,000,000+",Free,25-Jul-18
Special Forces Group 2,GAME,4.6,1432809,29M,"10,000,000+",Free,29-Jul-18
Motocross Motorbike Simulator Offroad,GAME,3.6,51366,16M,"5,000,000+",Free,14-Jun-17
Sermon on Proverbs CH Spurgeon,GAME,4.8,35,3.1M,"10,000+",Free,29-Jul-16
Chicken Invaders 3,GAME,4.2,52390,20M,"5,000,000+",Free,4-May-18
Trovami se ci riesci,GAME,5,11,6.1M,10+,Free,11-Mar-17
CJ: Strike Back,GAME,4.3,29330,6.9M,"1,000,000+",Free,17-Aug-12
The Grand Wars: San Andreas,GAME,3.9,29990,96M,"1,000,000+",Free,8-Dec-17
Grand Theft Auto: San Andreas,GAME,4.4,348962,26M,"1,000,000+",Paid,21-Mar-15
The Grand Way,GAME,3.9,1995,92M,"500,000+",Free,3-Jul-18
San Andreas City : Auto Theft Car gangster,GAME,3.9,923,67M,"100,000+",Free,17-Jul-18
Miami Crime Vice Town,GAME,4.1,154519,99M,"10,000,000+",Free,9-May-17
CJ Poker Odds Calculator,GAME,4.1,207,116k,"50,000+",Free,30-Jan-11
Gangster City Auto Theft,GAME,4.3,350,67M,"50,000+",Free,27-Jul-18
China Town Auto Theft 2,GAME,4.1,364,67M,"50,000+",Free,23-May-18
Grand Gangsters 3D,GAME,4.2,401643,Varies with device,"10,000,000+",Free,18-Jul-18
Gang Wars of San Andreas,GAME,4.1,9898,63M,"1,000,000+",Free,15-Feb-18
Sin City Hero : Crime Simulator of Vegas,GAME,4.1,3371,78M,"100,000+",Free,8-Sep-17
Zombie Death Shooter,GAME,3.8,17372,45M,"1,000,000+",Free,8-Aug-15
Project Grand Auto Town Sandbox Beta,GAME,3.7,7885,28M,"500,000+",Free,9-Feb-18
F*ck This Game,GAME,4.6,8,6.3M,100+,Paid,18-Jul-15
211:CK,GAME,5,8,38M,10+,Paid,11-Apr-18
CONTRACT KILLER: ZOMBIES (NR),GAME,4.4,206602,13M,"5,000,000+",Free,1-Jul-13
CKZ ORIGINS,GAME,4.5,219821,10M,"1,000,000+",Free,28-Oct-13
211:CK Lite,GAME,4.3,3,39M,10+,Free,22-Sep-17
CONTRACT KILLER: ZOMBIES,GAME,4.4,144545,13M,"5,000,000+",Free,1-Dec-11
Can Knockdown 3,GAME,4.1,349503,19M,"10,000,000+",Free,26-Aug-15
Sky Streaker - Gumball,GAME,4.3,37513,31M,"5,000,000+",Free,7-Dec-15
Just A Regular Arcade,GAME,4.2,40847,94M,"1,000,000+",Free,8-Jan-16
Dreamland Arcade - Steven Universe,GAME,4,6386,24M,"500,000+",Free,19-Nov-17
Adventure Time Run,GAME,4.3,24628,88M,"1,000,000+",Free,26-Jul-18
Glitch Fixers: Powerpuff Girls,GAME,4.4,39698,51M,"5,000,000+",Free,1-Dec-16
StirFry Stunts - We Bare Bears,GAME,4.5,121533,63M,"10,000,000+",Free,24-Mar-16
Angelo Rules - Crazy day,GAME,3.9,108336,62M,"1,000,000+",Free,27-Jun-16
Adventure Time Game Wizard,GAME,4.1,4107,40M,"50,000+",Paid,16-Jul-15
Best Park in the Universe,GAME,4.3,3904,5.5M,"10,000+",Paid,10-Sep-14
Multicraft Miner Exploration,GAME,4,14563,74M,"1,000,000+",Free,22-Dec-17
Alex & Co Quiz,GAME,,9,4.9M,"1,000+",Free,15-Apr-18
Them Bombs: co-op board game play with 2-4 friends,GAME,4.7,8038,52M,"100,000+",Free,12-Jul-18
Chinese Chess ( Xiangqi Free ),GAME,4.6,963,4.1M,"50,000+",Free,18-Apr-17
Chinese Chess / Co Tuong,GAME,4.2,6947,20M,"500,000+",Free,25-Oct-17
Call of Mini‚Ñ¢ Zombies 2,GAME,4.4,248417,17M,"5,000,000+",Free,10-Feb-15
"Chinese Chess 3D Online (Xiangqi, Ë±°Ê£ã, co tuong)",GAME,3.5,23,37M,"1,000+",Paid,27-Dec-17
2-Player Co-op Zombie Shoot,GAME,4.2,33,13M,"1,000+",Free,1-Jul-18
IV GoÔºàget IV for PokemonÔºâ,GAME,4.6,132282,20M,"1,000,000+",Free,31-Jul-18
CP Trivia,GAME,5,5,12M,100+,Free,6-Aug-18
CQ: Lost In Transmission,GAME,4.2,4,61M,10+,Free,13-May-18
Palavras la cq,GAME,3.9,783,3.4M,"100,000+",Free,18-Oct-14
Gunship Modern Combat 3D,GAME,4.2,3247,26M,"500,000+",Free,25-Jul-17
Sniper Killer Shooter,GAME,4,119368,19M,"10,000,000+",Free,21-Feb-17
Snowboard Racing Free Fun Game,GAME,3.8,4552,43M,"100,000+",Free,26-Oct-16
Toughest Game Ever 2,GAME,4.6,293086,Varies with device,"5,000,000+",Free,22-Oct-15
RIDE ZERO,GAME,4.6,8778,36M,"100,000+",Free,2-Jan-18
Critical Strike CS: Counter Terrorist Online FPS,GAME,4.3,22773,Varies with device,"1,000,000+",Free,3-Aug-18
Assault Line CS Online Fps Go,GAME,4.1,52163,70M,"1,000,000+",Free,13-Jul-16
Standoff 2,GAME,4.5,299046,47M,"10,000,000+",Free,12-Jul-18
Counter Online FPS Game,GAME,4.2,41089,42M,"5,000,000+",Free,25-Jul-18
Combat Strike CS üî´ Counter Terrorist Attack FPSüí£,GAME,4.1,1019,39M,"100,000+",Free,23-Jul-18
Ultimate Quiz for CS:GO - Skins | Cases | Players,GAME,4.5,2526,22M,"100,000+",Free,14-Feb-18
–êim Training for CS,GAME,3.6,2328,12M,"100,000+",Free,25-Oct-14
Sniper Traning for CS GO,GAME,3.2,655,14M,"50,000+",Free,18-May-16
Your rank CS:GO,GAME,4.1,4946,7.5M,"100,000+",Free,16-Jul-17
Mobile CS:GO,GAME,3.1,1015,643k,"100,000+",Free,11-Nov-15
Counter Terrorist Gun Strike CS: Special Forces,GAME,4.2,211,44M,"10,000+",Free,18-Aug-17
Shooter Sniper CS - FPS Games,GAME,3.5,14823,40M,"1,000,000+",Free,15-Feb-17
CS16Client,GAME,4.3,8668,9.1M,"500,000+",Free,1-Apr-17
Counter Attack - Multiplayer FPS,GAME,4.3,112565,32M,"1,000,000+",Free,21-Jul-18
What's Your CS:GO rank?,GAME,2.3,278,2.4M,"10,000+",Free,11-Feb-17
Map Callouts for CS:GO,GAME,4.3,211,3.6M,"50,000+",Free,26-Jan-18
Quiz CS:GO players,GAME,4.4,460,31M,"50,000+",Free,23-Jun-18
Puzzle for CS:GO,GAME,4.3,247,18M,"10,000+",Free,16-Sep-16
CT-REMOTE,GAME,3.3,19,1.6M,100+,Paid,10-Feb-15
CT-ART 4.0 (Chess Tactics 1200-2400 ELO),GAME,4.8,8191,Varies with device,"100,000+",Free,22-May-18
Moto Rider,GAME,4.2,115176,24M,"10,000,000+",Free,15-Jun-18
Shadow Fight 2,GAME,4.6,10981850,88M,"100,000,000+",Free,2-Jul-18
Crazy Wheels,GAME,4,121082,7.0M,"10,000,000+",Free,17-Jan-18
Cartoon Wars: Blade,GAME,4.4,165656,38M,"5,000,000+",Free,7-Feb-18
Racing CX,GAME,,4,20M,500+,Free,6-Jun-17
Freecell CY,GAME,4,387,1.1M,"50,000+",Free,16-Apr-11
Cytus II,GAME,4.7,16851,81M,"100,000+",Paid,3-Aug-18
Cytus,GAME,4.7,541732,20M,"5,000,000+",Free,9-Feb-18
Shadowverse CCG,GAME,4.2,47340,61M,"1,000,000+",Free,30-Jul-18
SuperBikers 2,GAME,3.9,6200,Varies with device,"500,000+",Free,6-Jul-18
Dan the Man: Action Platformer,GAME,4.8,528550,73M,"10,000,000+",Free,26-Jul-18
Geometry Dash SubZero,GAME,4.6,260527,49M,"10,000,000+",Free,21-Dec-17
Metal Soldiers 2,GAME,4.4,153649,Varies with device,"10,000,000+",Free,18-Jun-18
Quiz TRUE or FALSE,GAME,4.6,2464,34M,"50,000+",Free,13-Feb-18
Run Sausage Run!,GAME,4.4,276105,Varies with device,"10,000,000+",Free,1-Aug-18
Knife Hit,GAME,4.5,462614,60M,"10,000,000+",Free,22-May-18
The Visitor,GAME,4.1,39895,25M,"5,000,000+",Free,2-Jan-18
Just Dance Now,GAME,4.2,794058,56M,"10,000,000+",Free,12-Jun-18
DRAGON BALL LEGENDS,GAME,4.6,338742,48M,"5,000,000+",Free,3-Aug-18
DB Ultra Saiyan Battle,GAME,4.5,33,44M,"1,000+",Free,25-Jul-18
Injustice 2,GAME,4.3,504765,36M,"5,000,000+",Free,30-Jul-18
Injustice: Gods Among Us,GAME,4.4,2440877,32M,"10,000,000+",Free,14-Jun-18
Ultimate DC Challenge,GAME,4.5,937,35M,"10,000+",Free,19-Oct-17
Justice League Action Run,GAME,4.3,22333,9.7M,"1,000,000+",Free,7-Aug-18
Quiz DC,GAME,1.4,33,3.1M,"1,000+",Free,25-Dec-17
MARVEL Contest of Champions,GAME,4.3,2468915,92M,"50,000,000+",Free,30-Jul-18
MARVEL Avengers Academy,GAME,4.2,304106,Varies with device,"10,000,000+",Free,6-Aug-18
DC Universe Quiz,GAME,4.3,11,23M,500+,Free,22-May-18
Power Rangers: Legacy Wars,GAME,4.3,264755,91M,"10,000,000+",Free,17-Jul-18
WDAMAGE: Car Crash Engine,GAME,3.8,47386,96M,"1,000,000+",Free,6-Jun-18
Word Search multilingual,GAME,4.2,32849,1.5M,"1,000,000+",Free,30-Sep-15
Piano Free - Keyboard with Magic Tiles Music Games,GAME,4.5,785622,Varies with device,"50,000,000+",Free,29-Jun-18
Racing in Car 2,GAME,4.3,234589,38M,"50,000,000+",Free,22-Nov-16
Bike Racing 3D,GAME,4.2,951435,14M,"50,000,000+",Free,17-Jan-18
Truck Driver Cargo,GAME,4.1,257531,44M,"10,000,000+",Free,18-Jan-18
Checkers,GAME,4.5,375996,3.3M,"10,000,000+",Free,6-Aug-18
Scratch Logo Quiz. Challenging brain puzzle,GAME,3.3,152102,18M,"10,000,000+",Free,30-Jun-18
DF Squid,GAME,,1,14M,100+,Free,12-Dec-13
DG Mobile,GAME,4.3,59,1.4M,"1,000+",Free,8-Apr-17
Destroy Gunners Œ£,GAME,4.4,10786,21M,"1,000,000+",Free,14-Jan-17
DH Texas Poker - Texas Hold'em,GAME,4.4,562345,Varies with device,"10,000,000+",Free,23-Jul-18
DEER HUNTER CLASSIC,GAME,4.4,3941129,77M,"50,000,000+",Free,16-Jul-18
DEER HUNTER RELOADED,GAME,4.3,314774,43M,"5,000,000+",Free,16-Sep-13
DH Pineapple Poker OFC,GAME,4.2,1878,20M,"100,000+",Free,9-Nov-17
Call of Mini‚Ñ¢ Dino Hunter,GAME,4.2,326042,10M,"10,000,000+",Free,6-Jun-14
Bike Mayhem Free,GAME,4.3,331692,Varies with device,"10,000,000+",Free,27-Mar-18
Car Crash III Beam DH Real Damage Simulator 2018,GAME,3.6,151,100M,"10,000+",Free,20-May-18
DEER HUNTER CHALLENGE,GAME,3.7,38767,4.1M,"5,000,000+",Free,11-Apr-11
Defender,GAME,4.6,152395,14M,"10,000,000+",Free,22-Jul-16
Texas HoldEm Poker Deluxe,GAME,4.5,396090,26M,"10,000,000+",Free,30-May-18
Deck Heroes: Legacy,GAME,4.7,466495,52M,"10,000,000+",Free,16-Jul-18
Shred! Downhill Mountainbiking,GAME,3.9,41683,63M,"1,000,000+",Free,2-Feb-17
Archery Physics Objects Destruction Apple shooter,GAME,4.5,6026,39M,"100,000+",Free,7-Jul-18
Fancy Pants Adventures,GAME,4.7,55952,61M,"1,000,000+",Free,13-Jul-17
Lep's World 3 üçÄüçÄüçÄ,GAME,4.3,771001,52M,"50,000,000+",Free,11-Jun-18
Robbery Bob,GAME,4.5,617732,44M,"10,000,000+",Free,29-Jul-18
Nyan Cat: Lost In Space,GAME,4.5,371318,90M,"10,000,000+",Free,8-Jun-18
DK Quiz,GAME,4.4,1628,34M,"50,000+",Free,10-Apr-14
Super DK vs Kong Brother Advanced Free Classic,GAME,3.8,66,38M,"10,000+",Free,17-Jul-18
DM EVOLUTION,GAME,2.5,450,97M,"10,000+",Free,23-Jul-18
DM Adventure,GAME,,0,11M,10+,Free,18-Jun-18
Destiny Ninja Shall we date otome games love story,GAME,4.4,13079,30M,"500,000+",Free,20-Apr-18
Free Poker Games : Downtown Casino - Texas Holdem,GAME,4.5,2032,50M,"50,000+",Free,5-Jun-18
NARUTO X BORUTO NINJA VOLTAGE,GAME,4.4,267395,71M,"5,000,000+",Free,19-Jul-18
Does not Commute,GAME,4,154108,78M,"5,000,000+",Free,13-Oct-15
Kung Fu Do Fighting,GAME,4,271214,Varies with device,"10,000,000+",Free,25-Jul-18
How well do you know me?,GAME,3.9,1290,6.4M,"100,000+",Free,26-Jul-18
Dude Perfect 2,GAME,4.5,401648,70M,"10,000,000+",Free,12-Apr-17
Endless Ducker,GAME,4.5,8193,41M,"500,000+",Free,16-Sep-16
that's lit,GAME,4.7,1115,39M,"100,000+",Free,7-Jul-17
Dash Quest Heroes,GAME,4.3,8432,59M,"500,000+",Free,16-Jul-18
Jungle book-The Great Escape,GAME,3.9,2362,25M,"100,000+",Free,17-Jul-13
Bunny Skater,GAME,4.2,139432,4.7M,"10,000,000+",Free,20-Nov-13
The Walking Zombie: Dead City,GAME,4.6,58575,96M,"1,000,000+",Free,21-Feb-18
Dr. Parking 4,GAME,4.4,475369,13M,"50,000,000+",Free,6-Mar-18
Dr. Driving 2,GAME,4.6,358633,19M,"10,000,000+",Free,3-May-18
Dr. Parker : Parking Simulator,GAME,4.5,14253,81M,"1,000,000+",Free,18-Jan-18
Dr. Parker : Real car parking simulation,GAME,4.6,15829,95M,"1,000,000+",Free,24-Jul-18
Dr. Rocket,GAME,4,42182,3.4M,"1,000,000+",Free,6-Jan-18
Dr. Dominoes,GAME,4,2700,5.7M,"500,000+",Free,3-Jan-18
Dr. Gomoku,GAME,3.9,85317,4.5M,"5,000,000+",Free,15-Jan-18
Dr. Chess,GAME,4.1,97209,6.7M,"1,000,000+",Free,14-Jan-18
Dr Dre - Beatmaker,GAME,4.3,146,6.0M,"10,000+",Free,28-Feb-18
Dr. Splorchy Presents Space Heroes,GAME,4.6,18,31M,100+,Paid,23-Jul-18
Dr Driving Racer,GAME,4.3,183,68M,"10,000+",Free,14-Jun-18
Dr. Shogi,GAME,3.3,19291,5.1M,"1,000,000+",Free,2-Jan-18
DraStic DS Emulator,GAME,4.6,87766,12M,"1,000,000+",Paid,19-Jul-16
NDS Emulator - For Android 6,GAME,4.1,14002,19M,"1,000,000+",Free,26-Jul-18
Free DS Emulator,GAME,4.1,22896,19M,"1,000,000+",Free,26-Jul-18
nds4droid,GAME,3.4,107778,8.8M,"10,000,000+",Free,12-Feb-16
MegaNDS (NDS Emulator),GAME,3.4,2218,11M,"500,000+",Free,18-Oct-17
EmuBox - Fast Retro Emulator,GAME,3.9,1576,43M,"50,000+",Free,5-Aug-18
Simple x3DS Emulator - BETA,GAME,,0,Varies with device,"50,000+",Free,13-Jun-18
DS Tower Defence,GAME,3.2,768,1.4M,"100,000+",Free,5-Jun-13
RetroArch,GAME,3.8,21423,84M,"1,000,000+",Free,4-May-18
Riptide GP: Renegade,GAME,4.7,4328,Varies with device,"100,000+",Paid,1-Jun-18
Wheelie Challenge,GAME,4.6,137338,51M,"5,000,000+",Free,13-Jul-18
Dirt Trackin Sprint Cars,GAME,3.8,499,47M,"10,000+",Paid,10-May-18
Sword of Chaos - Lame du Chaos,GAME,4.5,23599,96M,"100,000+",Free,1-Jun-18
Hotel Insanity,GAME,4.2,3816,31M,"100,000+",Free,7-Jul-16
Retro City Rampage DX,GAME,4.7,416,16M,"10,000+",Paid,12-Jan-17
Shoot! DX - lights for FREE,GAME,,4,Varies with device,100+,Free,23-Jun-18
Santa's Monster Shootout DX,GAME,5,4,33M,50+,Paid,15-Aug-13
American Sniper City Fight Shooting Assassin,GAME,4.1,395,54M,"50,000+",Free,24-Nov-17
Street Skater 3D,GAME,3.6,120852,21M,"10,000,000+",Free,24-Oct-17
DZ-JOKER,GAME,,6,18M,100+,Free,4-May-17
Super ball DZ,GAME,,24,32M,"1,000+",Free,21-Sep-17
Ludo Dz,GAME,4.5,17,28M,500+,Free,27-Aug-17
Need for Speed‚Ñ¢ No Limits,GAME,4.4,3344300,22M,"50,000,000+",Free,24-Jul-18
Lost Journey (Dreamsky),GAME,4.5,32344,29M,"1,000,000+",Paid,21-Oct-16
Peggle Blast,GAME,4.1,166251,19M,"5,000,000+",Free,11-Dec-17
Heroes of Dragon Age,GAME,4.2,70389,28M,"1,000,000+",Free,9-May-18
SCRABBLE,GAME,3.9,172281,50M,"5,000,000+",Free,1-Aug-18
Asphalt Xtreme: Rally Racing,GAME,4.5,567984,39M,"10,000,000+",Free,16-Jul-18
League of Stickman 2018- Ninja Arena PVP(Dreamsky),GAME,4.4,32496,99M,"1,000,000+",Paid,3-Jul-18
Modern Combat 5: eSports FPS,GAME,4.3,2903386,58M,"100,000,000+",Free,24-Jul-18
Mass Effect: Andromeda APEX HQ,GAME,3.4,4490,92M,"100,000+",Free,21-Sep-17
Mirror‚Äôs Edge‚Ñ¢ Companion,GAME,3.4,1995,43M,"100,000+",Free,28-Jun-16
Stickman Legends: Shadow Wars,GAME,4.4,38419,100M,"1,000,000+",Paid,3-Aug-18
Gear.Club - True Racing,GAME,4.4,140658,37M,"1,000,000+",Free,1-Aug-18
Mental Hospital:EB 2 Lite,GAME,4.1,5341,8.8M,"100,000+",Free,30-Apr-14
EC Mover,GAME,5,5,4.6M,10+,Free,1-Aug-18
EF Jumper,GAME,,4,5.1M,100+,Free,13-Jul-17
E.G. Chess Free,GAME,4,505,23M,"10,000+",Free,6-Dec-14
E.G. Chess,GAME,4.3,56,23M,"1,000+",Paid,6-Dec-14
L.A. Crime Stories 2 Mad City Crime,GAME,4.2,3946,42M,"100,000+",Free,30-Mar-17
LA Stories 4 New Order Sandbox 2018,GAME,4.2,17453,99M,"1,000,000+",Free,1-Jun-18
L.A. Crime Stories Mad City Crime,GAME,4,30008,99M,"1,000,000+",Free,30-Mar-17
Miraculous Ladybug & Cat Noir - The Official Game,GAME,4.5,185382,99M,"10,000,000+",Free,30-Jul-18
Betul Ke Bohong Eh?,GAME,4.2,601,6.4M,"100,000+",Free,3-Apr-15
Eh Amego!,GAME,3.8,13388,7.1M,"500,000+",Free,24-Aug-15
MazeMilitia Classic Multiplayer Shooting Game,GAME,4.4,1294,44M,"50,000+",Free,8-Mar-18
ZOMBIE RIPPER,GAME,3.7,16073,94M,"500,000+",Free,14-Nov-17
Horror Hospital,GAME,3.7,63986,26M,"1,000,000+",Free,10-Oct-17
Mad Skills Motocross,GAME,4,32522,44M,"1,000,000+",Free,25-Jan-16
Pineapple Pen,GAME,4.3,157264,65M,"10,000,000+",Free,30-Dec-16
Guess The Emoji,GAME,4.5,76627,23M,"5,000,000+",Free,3-Jul-18
Camping RV Caravan Parking 3D,GAME,3.3,5290,48M,"500,000+",Free,18-Dec-14
Grand Bat Superhero Flying Assault Rescue Mission,GAME,4.4,1094,37M,"500,000+",Free,9-Jul-18
Zombie Frontier,GAME,4.2,326689,20M,"10,000,000+",Free,30-May-18
RUN JUMP RUN-fun games for free,GAME,4.4,661,42M,"100,000+",Free,20-Apr-18
Tamago egg,GAME,3,49,7.1M,"5,000+",Free,31-Oct-17
Let's Poke The Egg,GAME,3.4,9051,23M,"1,000,000+",Free,4-Feb-17
Survival: Prison Escape,GAME,4,127810,33M,"10,000,000+",Free,1-Aug-18
TAMAGO Monsters Returns,GAME,4.1,104583,37M,"1,000,000+",Free,18-Aug-16
Traffic Sniper Counter Attack,GAME,4.3,5339,38M,"1,000,000+",Free,5-Dec-17
Rope Superhero Unlimited,GAME,4.4,6735,26M,"1,000,000+",Free,10-May-17
Extreme Super Car Driving 3D,GAME,3.9,23104,48M,"1,000,000+",Free,5-Aug-15
Fast Racing Car Simulator,GAME,3.8,8482,45M,"1,000,000+",Free,10-Aug-15
Beach Head Shooting Assault,GAME,3.8,555,44M,"100,000+",Free,2-Mar-18
Stickman Warriors Heroes 2,GAME,4.4,13714,41M,"1,000,000+",Free,15-Apr-17
Dead Target Zombie Shooting US Sniper Killer Squad,GAME,4.3,240,65M,"50,000+",Free,3-Oct-17
Dubai Racing,GAME,4.2,16237,23M,"500,000+",Free,23-Dec-15
WIZARD Card Game,GAME,4,48,4.1M,"1,000+",Paid,15-Dec-14
Robot Fighting Games‚Ñ¢ - Real Boxing Champions 3D,GAME,4.4,30,47M,"5,000+",Free,2-Jul-18
Ghost Hunting camera,GAME,3.5,3048,24M,"500,000+",Free,6-Mar-17
Santa Panda Bubble Christmas,GAME,4.1,101,31M,"10,000+",Free,14-Mar-17
Racing Moto,GAME,4.3,697805,7.4M,"50,000,000+",Free,3-Jul-18
Train Racing Games 3D 2 Player,GAME,4.3,192374,56M,"10,000,000+",Free,9-Jan-18
Adivina el cantante de Trap y Reggaeton,GAME,4.5,1914,24M,"100,000+",Free,29-Jun-18
Fernanfloo,GAME,4.8,526595,49M,"10,000,000+",Free,26-Jun-18
Adivina el Emoji,GAME,,2536,32M,"100,000+",Free,2-Oct-16
The Game of Life,GAME,4.4,18652,63M,"100,000+",Paid,4-Jul-18
Red Hands ‚Äì 2-Player Games,GAME,4.2,93608,Varies with device,"10,000,000+",Free,9-Feb-18
Get 'Em,GAME,4.1,7904,21M,"500,000+",Free,26-Oct-16
Live Hold‚Äôem Pro Poker - Free Casino Games,GAME,4.6,1123190,Varies with device,"10,000,000+",Free,7-Aug-18
Beach Shoot Em Up: Head Hunter,GAME,4.4,1218,15M,"500,000+",Free,6-Mar-18
Stick 'Em Up 2 Starter Edition,GAME,3.8,2102,40M,"100,000+",Free,11-Sep-15
Shoot`Em Down: Shooting game,GAME,3.9,7972,88M,"500,000+",Free,12-Aug-17
Texas Hold‚Äôem Poker + | Social,GAME,3.5,4416,59M,"500,000+",Free,18-Jan-17
PlayTexas Hold'em Poker Free,GAME,3.8,3543,Varies with device,"1,000,000+",Free,10-Mar-18
HAWK ‚Äì Force of an Arcade Shooter. Shoot 'em up,GAME,4.6,190274,46M,"5,000,000+",Free,9-Jul-18
Texas Hold'em Poker,GAME,3.6,12846,14M,"1,000,000+",Free,29-Dec-17
Poker Equity Calculator Pro for No Limit Hold'em,GAME,4,21,14M,"5,000+",Paid,10-Sep-17
Poker Live! 3D Texas Hold'em,GAME,4.3,6143,37M,"100,000+",Free,25-Jul-18
Fun Texas Hold'em Poker,GAME,4.5,32831,24M,"500,000+",Free,12-May-17
Dragonplay‚Ñ¢ Poker Texas Holdem,GAME,4.5,197979,Varies with device,"1,000,000+",Free,7-Aug-18
Punch em,GAME,4.1,2208,4.4M,"500,000+",Free,24-May-18
Zynga Poker ‚Äì Texas Holdem,GAME,4.4,1986068,52M,"50,000,000+",Free,25-Jul-18
Boyaa Poker (En) ‚Äì Social Texas Hold‚Äôem,GAME,4.3,71468,51M,"1,000,000+",Free,12-Jun-18
World Series of Poker ‚Äì WSOP Free Texas Holdem,GAME,4.5,910051,76M,"10,000,000+",Free,2-Aug-18
Texas Holdem Poker Pro,GAME,4.5,114479,26M,"5,000,000+",Free,20-Dec-17
Rage Fight of Streets - Beat Em Up Game,GAME,4.3,1489,67M,"100,000+",Free,13-May-18
HANGAME Casino - Baccarat & Texas Hold'em,GAME,4.1,8608,46M,"500,000+",Free,17-May-18
PokerStars Play: Free Texas Holdem Poker Game,GAME,4.6,14989,78M,"500,000+",Free,6-Jul-18
Texas Holdem Poker,GAME,4,127831,26M,"10,000,000+",Free,20-Dec-17
Big Fish Casino ‚Äì Play Slots & Vegas Games,GAME,4.4,382100,Varies with device,"10,000,000+",Free,11-Jul-18
TRANSFORMERS: Forged to Fight,GAME,4.6,291941,90M,"10,000,000+",Free,27-Jul-18
Texas Holdem & Omaha Poker: Pokerist,GAME,4.3,187200,28M,"10,000,000+",Free,31-Jul-18
Governor of Poker 2 - OFFLINE POKER GAME,GAME,4.3,246538,60M,"5,000,000+",Free,6-Mar-18
Squadron - Bullet Hell Shooter,GAME,4.2,177542,40M,"10,000,000+",Free,2-May-16
Words With Friends ‚Äì Play Free,GAME,4.3,711719,Varies with device,"10,000,000+",Free,11-Jul-18
Classic Words Solo,GAME,4.4,135739,Varies with device,"5,000,000+",Free,7-Aug-18
Chess Free,GAME,4.5,1375988,15M,"50,000,000+",Free,7-Jun-18
Sports Car Driving Simulator 2018,GAME,4.3,2178,57M,"500,000+",Free,28-Mar-18
The Great Wobo Escape Ep. 1,GAME,4.2,5449,20M,"500,000+",Free,13-Sep-16
The Visitor: Ep.2 - Sleepover Slaughter,GAME,4.3,5731,31M,"1,000,000+",Free,2-Jan-18
Superbrothers Sword & Sworcery,GAME,4.4,11023,16M,"100,000+",Paid,26-Jan-18
The Visitor: Ep.1 - Kitty Cat Carnage,GAME,4.4,3017,39M,"500,000+",Free,2-Jan-18
Dr.Slender Ep 1 Guide (Eng),GAME,4,454,27M,"10,000+",Free,2-Dec-14
Decay: The Mare - Ep.1 (Trial),GAME,3.6,5291,7.2M,"100,000+",Free,24-May-14
EP Gem Hunter,GAME,4.6,79,31M,"1,000+",Free,17-Jan-16
Gate Of Death Ep: 1,GAME,4.4,7,34M,100+,Free,7-Oct-16
Sonic 4‚Ñ¢ Episode I,GAME,3.7,8014,37M,"100,000+",Paid,4-Apr-16
Oggy,GAME,4.5,49971,61M,"5,000,000+",Free,29-Aug-17
Invasion: Defend EU,GAME,,7,20M,50+,Free,8-Dec-17
R-EU-READY,GAME,4.1,13,16M,500+,Free,2-Mar-16
Speed Racing Ultimate 2,GAME,4.1,66894,Varies with device,"1,000,000+",Free,21-Jul-18
Countries of the European Union (Quiz),GAME,,11,7.0M,100+,Free,3-Feb-18
I Know Stuff,GAME,4.2,214923,Varies with device,"5,000,000+",Free,31-Jul-18
Water Surfer Racing In Moto,GAME,4.3,2233,36M,"1,000,000+",Free,28-Feb-18
"Ew, the small alien",GAME,,5,Varies with device,10+,Free,21-Jan-17
Rescue Robots Survival Games,GAME,4,27557,69M,"5,000,000+",Free,6-Jul-18
Bike Race - Bike Blast Rush,GAME,4.4,83891,48M,"10,000,000+",Free,19-Jul-18
ETERNITY WARRIORS 2,GAME,4.6,568391,5.2M,"5,000,000+",Free,1-Jul-14
An Elite Warrior Ex,GAME,4.7,15,93M,100+,Paid,21-Nov-16
Snes9x EX+,GAME,4.4,70351,Varies with device,"5,000,000+",Free,3-Mar-18
Virtual Dice EX,GAME,4.3,40,3.6M,"5,000+",Free,15-Mar-16
Eyes - The Scary Horror Game Adventure,GAME,4.4,499483,99M,"10,000,000+",Free,2-Aug-18
Sudoku Master,GAME,4.4,58387,3.3M,"1,000,000+",Free,13-Dec-13
Jungle Monkey Run,GAME,4.4,54082,21M,"10,000,000+",Free,11-Jul-18
Ez Mirror Match,GAME,4.4,3344,36M,"500,000+",Free,3-Jan-18
CNY Slots : Gong Xi Fa Cai ÂèëË¥¢Êú∫,GAME,3.6,33,71M,"5,000+",Free,6-Jun-17
Golden HoYeah Slots - Real Casino Slots,GAME,4.4,201537,68M,"5,000,000+",Free,1-Aug-18
FaFaFa‚Ñ¢ Gold Casino: Free slot machines,GAME,4.3,11051,44M,"1,000,000+",Free,25-Jun-18
Heart of Vegas‚Ñ¢ Slots ‚Äì Free Slot Casino Games,GAME,4.5,264282,48M,"10,000,000+",Free,12-Jul-18
Galaxian(FC),GAME,4.5,2,7.8M,100+,Paid,13-Nov-15
Garena Free Fire,GAME,4.5,5534114,53M,"100,000,000+",Free,3-Aug-18
FG SPINNER,GAME,,2,36M,10+,Free,6-Apr-18
BROTHER IN WARS: GUNNER CITY WARLORDS,GAME,4.3,8649,39M,"1,000,000+",Free,26-Jul-18
Angry Birds Space HD,GAME,4.5,43645,46M,"5,000,000+",Free,25-May-18
Police Car Driver,GAME,3.8,83671,30M,"10,000,000+",Free,4-May-18
Modern Sniper Strike: Best Commando Action 2k18,GAME,4.1,164,17M,"10,000+",Free,23-Aug-17
Moto Fighter 3D,GAME,3.9,85410,39M,"10,000,000+",Free,20-Sep-17
BMX Boy,GAME,4.2,839206,12M,"50,000,000+",Free,20-Sep-17
Crazy Bike attack Racing New: motorcycle racing,GAME,4.2,20364,45M,"5,000,000+",Free,12-Jul-18
Fields of Battle,GAME,4.1,71476,50M,"1,000,000+",Free,21-Apr-18
Family Guy The Quest for Stuff,GAME,4,995002,Varies with device,"10,000,000+",Free,25-Jul-18
Toy Attack,GAME,4.2,3878,69M,"500,000+",Free,4-Apr-18
SnowMobile Parking Adventure,GAME,3.6,12257,49M,"1,000,000+",Free,9-Sep-16
Zombie Sniper 3D III,GAME,3.9,8122,23M,"500,000+",Free,28-Feb-17
Shoot Hunter-Gun Killer,GAME,4.3,320334,27M,"50,000,000+",Free,8-Aug-18
Fast Motorcycle Driver 2016,GAME,4.2,28151,49M,"1,000,000+",Free,25-Dec-16
Forgotten Hill: Fall,GAME,4.4,1063,18M,"50,000+",Free,30-Oct-17
Forgotten Hill Mementoes,GAME,4.6,2027,56M,"100,000+",Free,19-Mar-18
Forgotten Hill: Surgery,GAME,4.5,2431,24M,"100,000+",Free,3-Nov-17
Forgotten Hill: Puppeteer,GAME,4.5,2917,22M,"100,000+",Free,30-Oct-17
"FJ Final Join , Circles Game",GAME,4.7,32,24M,"1,000+",Free,11-Jul-18
Offroad drive : 4x4 driving game,GAME,3.5,2071,36M,"100,000+",Free,29-Jun-18
Rope Hero: Vice Town,GAME,4.4,452589,99M,"10,000,000+",Free,1-Jul-18
Drive 4x4 Luxury SUV Jeep,GAME,4.2,2183,46M,"500,000+",Free,10-Jul-18
Motocross Mayhem,GAME,3.8,35171,45M,"1,000,000+",Free,11-Feb-14
Dino Defends king 3 ‚Äì Dinosaur T rex Hunter Games,GAME,3.6,182,41M,"50,000+",Free,1-Mar-18
Block Gun 3D: Haunted Hollow,GAME,3.8,16282,35M,"1,000,000+",Free,9-Oct-17
Navy Gunner Shoot War 3D,GAME,4,103199,44M,"10,000,000+",Free,2-Aug-18
Drift Legends,GAME,4.2,33788,27M,"1,000,000+",Free,29-Mar-18
FK (FlightKid),GAME,,2,22M,10+,Free,3-Mar-16
Toy Truck Rally 3D,GAME,4,301895,25M,"50,000,000+",Free,23-May-18
PRO MX MOTOCROSS 2,GAME,3.8,25275,21M,"5,000,000+",Free,11-Aug-17
FRONTLINE COMMANDO,GAME,4.4,1351833,12M,"10,000,000+",Free,28-Oct-13
Gun Builder ELITE,GAME,4.1,88941,34M,"1,000,000+",Free,26-Jul-16
Magnum 3.0 Gun Custom SImulator,GAME,4.5,16815,59M,"1,000,000+",Free,4-Aug-18
Solitaire+,GAME,4.6,11235,Varies with device,"100,000+",Paid,30-Jul-18
Fruit Ninja Classic,GAME,4.3,85468,36M,"1,000,000+",Paid,8-Jun-18
Gun Club Armory,GAME,4.2,55014,28M,"1,000,000+",Free,4-Dec-17
Armed Cam Gun Pack,GAME,4.2,1012,50M,"10,000+",Free,18-Jan-15
Mu.F.O.,GAME,5,2,16M,1+,Paid,3-Mar-17
Fo Fo Fish,GAME,3.4,5,21M,50+,Free,25-Aug-15
4x4 Jeep Racer,GAME,4.1,7279,54M,"1,000,000+",Free,9-Mar-18
Frontline Terrorist Battle Shoot: Free FPS Shooter,GAME,4.2,9183,49M,"1,000,000+",Free,22-Jun-18
Mad Dash Fo' Cash,GAME,5,14,16M,100+,Free,19-Jun-17
Race Manager FP,GAME,3.8,196,11M,"5,000+",Free,3-Nov-14
FP Runner,GAME,3.7,38,29M,"1,000+",Free,29-Jun-16
Modern Counter Terrorist FPS Shoot,GAME,4,795,41M,"100,000+",Free,29-Aug-17
Monster Ride Pro,GAME,5,1,24M,10+,Free,5-Mar-18
BEBONCOOL GAMEPAD V1.0,GAME,3.9,404,2.2M,"100,000+",Free,30-Aug-17
Modern Strike Online,GAME,4.3,834117,44M,"10,000,000+",Free,30-Jul-18
Trine 2: Complete Story,GAME,3.8,252,11M,"10,000+",Paid,27-Feb-15
Modern Counter Terror Attack ‚Äì Shooting Game,GAME,4.2,340,72M,"50,000+",Free,27-Oct-17
Big Hunter,GAME,4.3,245455,84M,"10,000,000+",Free,31-May-18
Modern Counter Global Strike 3D,GAME,4.1,297,48M,"50,000+",Free,28-Mar-18
Modern Counter Global Strike 3D V2,GAME,4,368,48M,"50,000+",Free,28-Mar-18
Winter Wonderland,GAME,4,1287,38M,"50,000+",Free,18-Dec-13
Soccer Clubs Logo Quiz,GAME,4.2,21661,16M,"1,000,000+",Free,24-May-18
Sid Story,GAME,4.4,28510,78M,"500,000+",Free,1-Aug-18
Fatal Raid - No.1 Mobile FPS,GAME,4.3,56496,81M,"1,000,000+",Free,7-Aug-18
Poker Pro.Fr,GAME,4.2,5442,17M,"100,000+",Free,22-May-18
